鲜花,香蜜湖,香蜜湖,
花点时间花艺（香蜜湖第七分店）,福田区香蜜湖侨香路香蜜湖豪庭105号,0755-82777310,https://p0.meituan.net/440.0/dpmerchantalbum/b5e36ac575e0507f66385e04c2e9f2b31936720.jpg
丽石鲜花（美宝莲店）,福田区香梅北路2001号,400-690-7520/18676377558,https://p0.meituan.net/440.0/deal/cd4809e8b19794612f2fd1726a275130261281.jpg
情怀花舍,福田区香蜜湖侨香路香梅北地铁站d出口,13510023901,https://p1.meituan.net/440.0/dpmerchantalbum/0e4a2af7102375f68b74965065edf6597349696.jpg
兰景丽园鲜花（特发小区店）,福田区香梅北路特发小区13栋特发幼儿园旁,400-043-0370,https://p1.meituan.net/440.0/dpdeal/d5691e2d7b1f3dc6d9239e6a0b8c442d77219.jpg
花之爱鲜花,福田区香密湖花卉市场新天国际名苑旁,null,https://p1.meituan.net/440.0/dpdeal/e4545f97605469f025da623069d8b46667020.jpg
丽石鲜花（福到来店）,福田区四号路3号旁,400-690-7520/18676377558,https://p0.meituan.net/440.0/deal/cd4809e8b19794612f2fd1726a275130261281.jpg
丽石鲜花（香梅店）,福田区香梅路1061号中投国际商务中心B1栋1楼,400-690-7520,https://p0.meituan.net/440.0/deal/cd4809e8b19794612f2fd1726a275130261281.jpg
鲜花,梅林,梅林,
爱尚礼鲜花（梅林店）,福田区环林街2号绿化大厦7楼,0755-82918100,https://p0.meituan.net/440.0/dpmerchantalbum/fdeb7b0e65741b5630c03c00729ead661782641.jpg
花语花意Flower（上梅林店）,福田区梅林路48号,18028595368,https://p1.meituan.net/440.0/deal/__49532727__7697721.jpg
今喜花屿（上梅林店）,福田区梅林路教堂对面上梅林文体公园大门旁,13164768943,https://p1.meituan.net/440.0/deal/866d848e070dfe57d7071780d2249a1f83271.jpg
浪漫花屋鲜花店（梅林店）,福田区上梅林新村23号,15817355705,https://p1.meituan.net/440.0/merchantpic/48cf55233f3395344f2929333c877c83360573.jpg
花点心思花艺（上梅林店）,福田区中康路卓悦汇购物中心1009号,0755-88605075,https://p0.meituan.net/440.0/dpmerchantalbum/d6fd493d5371008fc3a3aa753e13d92385331.jpg
新原野花艺（卓悦汇店）,福田区中康路126号卓悦汇购物中心B1,13312892487,https://p0.meituan.net/440.0/dpmerchantalbum/35d6eb25e828a720ae1fc9bf950f29b7318433.jpg
兰亭 Flower（梅林店）,福田区中康路卓悦汇购物中心L1-113档,13631517883,https://p0.meituan.net/440.0/merchantpic/aba2151fb84798b6c8aacb638d9daad0207847.jpg
大行花开（下梅林店）,福田区下梅林农批花卉街90号,400-092-5186/13922861815,https://p0.meituan.net/440.0/deal/208716f29b8bb85d2beea84afe0b1fe8313343.jpg
天马座花艺（梅林店）,福田区梅林路148-3号,400-865-8182,https://p1.meituan.net/440.0/deal/9114c404cece9f705327f58c810a3cf197261.jpg
丽石鲜花（文体公园店）,福田区梅华路与梅丽路交叉口梅林文体公园附近,400-690-7520/18676377558,https://p0.meituan.net/440.0/deal/cd4809e8b19794612f2fd1726a275130261281.jpg
春暖花开鲜花店（梅林店）,福田区梅华路38号百兴苑,13922899547,https://p0.meituan.net/440.0/dpmerchantalbum/e77941dcf31f5ffa4240cee0e6933343117754.jpg
田园花语（梅华店）,福田区梅华路天虹商场二楼（上梅林地铁站C出口）,0755-82774400/18098980567,https://p1.meituan.net/440.0/deal/4bcf402d92d7805340f5b467c1449ce4265880.jpg
梵茜花艺（卓悦汇店）,福田区梅康路理想时代大厦12楼1202,18682105967/18684532660,https://p0.meituan.net/440.0/dpmerchantalbum/70d782cf79c64443545ef49cac6411f1106390.jpg
牡丹鲜花旗舰店（牡丹鲜花135店）,福田区中康路华茂苑东门17号铺面,400-033-9596,https://p1.meituan.net/440.0/deal/050477faebb785b4a8e3124f314e6611465369.jpg
澜馨花语（咏山名苑店）,福田区龙尾路170号咏山名苑1楼2号商铺,13480177725,https://p0.meituan.net/440.0/deal/0535bbba74b2c142718ccd3bbae098fe212216.jpg
花悦flower（上梅林店）,福田区上梅林中康路卓越汇附近,15818669479,https://p0.meituan.net/440.0/merchantpic/e730326d41887cad6894f1a39c98f62c938564.jpg
朵恋鲜花（下梅林店）,福田区梅林路159号金梅花园,18927434412,https://p0.meituan.net/440.0/dpmerchantalbum/96735de560fa21efaa23291e8e37cce1155391.jpg
Huahua100鲜花店（上梅林店）,福田区上梅林中康路南华茂苑东门6号商铺,4007285952,https://p1.meituan.net/440.0/poi/a89d4e7466081d72ba389e1aa325599a78348.jpg
HELLO埃洛花艺工作室,福田区梅林街道林丰路理想公馆2020,13640970949,https://p0.meituan.net/440.0/dpmerchantalbum/6e2d388659d1b13e95bd5e051bfda658154563.jpg
花梦谷鲜花（上梅林店）,福田区中康路128号（上梅林地铁站D口200米）,13544131960,https://p0.meituan.net/440.0/merchantpic/27c97e600bad1db0fcc9bd5ea7d6f79e69951.jpg
花之恩鲜花店（中康路店）,福田区中康路18西门号,13632880897/18598260036,https://p1.meituan.net/440.0/dpmerchantalbum/e2a4a06b58e8918af3618738611ba711189346.jpg
倾心FLORA（梅林店）,福田区中康路卓悦汇购物中心负一楼（近上梅林地铁站）,18565722028,https://p0.meituan.net/440.0/merchantpic/3bf463b8a181bc03721d4583ff395635607404.jpg
半夏花开（卓悦汇店）,福田区上梅林中康路137号卓悦汇购物,0755-23894129,https://p0.meituan.net/440.0/dpmerchantalbum/fe2e3e747382696c821724c96675820e9199901.jpg
时光花艺（上梅林店）,福田区梅林路怡景大厦502室,14715874358,https://p0.meituan.net/440.0/dpmerchantalbum/3155d60bc9d64fd43b9f1098ea0c544e67259.jpg
兰景丽园鲜花,福田区上梅林中康路雕塑家园,400-043-0370,https://p1.meituan.net/440.0/poi/dc22c5b17614c389edcda6afb1794fea83968.jpg
思丽卡花艺（梅林店）,福田区梅山街9号,0755-25326149/13632794653,https://p1.meituan.net/440.0/deal/a1f68538813a803c92afc180e55dbecc101995.jpg
简爱花语鲜花店（上梅林店）,福田区中康路126号,18098961230,https://p1.meituan.net/440.0/deal/__49532727__7697721.jpg
万美苑鲜花,福田区上梅林卓越汇二楼205,null,https://p1.meituan.net/440.0/dpmerchantalbum/de6c17d1a7efd7d962d32a973573c5ba1616644.png
檀薇初品鲜花（梅林一村店）,福田区梅丽路梅林一村5区商业城210号,18566771060/13686441206,https://p0.meituan.net/440.0/deal/415175a9e5805b6d0a7774a0270c4c0e192678.jpg
柠檬花艺园林工程有限公司,福田区梅林路46号西湖天欣大厦1楼南门柠檬花舍（文和友、813、鸟剑居酒屋、牛客隆）,13332932962,https://p0.meituan.net/440.0/merchantpic/61e9ebc41f8fedf73e9fe0cb811d3ae1520087.jpg
绿植先生（福田店）,福田区上梅林梅林路59号,13145206799,https://p1.meituan.net/440.0/dpdeal/e24521332c959ee5d78f16d186796c47206573.jpg
花之爱鲜花,福田区中康路上梅林市场华茂苑一期15号,null,https://p1.meituan.net/440.0/dpdeal/16c9eef952aead297fb853696bff96a2182790.jpg
锦祺花芬鲜花（梅华店）,福田区梅华路123号东方星大厦2栋7号商铺,18566752163,https://p1.meituan.net/440.0/deal/e5872627f9e0845fe9a8303567763078109830.jpg
澜馨花语（上梅林店）,福田区上梅林新兴村19号,18926541142,https://p0.meituan.net/440.0/deal/0535bbba74b2c142718ccd3bbae098fe212216.jpg
今喜花屿（梅林一村店）,福田区梅林一村5区商业城210号,13164768943,https://p1.meituan.net/440.0/deal/98abe4ee365c44fee80553662df179f8292931.jpg
澜馨花语（梅林一村店）,福田区梅林一村5区商业城210号,18218177251,https://p0.meituan.net/440.0/deal/1338d48490b9ef74478aa9730dd59084139971.jpg
澜馨花语（文体公园店）,福田区梅林路教堂对面上梅林文体公园大门旁,0755-22900658,https://p1.meituan.net/440.0/deal/142168f1436738092146cabe8614ec68220174.jpg
丽石鲜花（鹏兴裕店）,福田区梅华路327-27,400-690-7520/18676377558,https://p0.meituan.net/440.0/deal/cd4809e8b19794612f2fd1726a275130261281.jpg
缘缘花艺（石花坊鲜花联盟）,福田区梅亭路下梅林文体公园综合楼2栋3A11室,400-690-7520,https://p1.meituan.net/440.0/deal/5fcecec8b0f36a66c3b35e4b2b597300324093.jpg
东方陶瓷大厦,福田区梅华路123号,400-690-7520,https://p0.meituan.net/440.0/dpdeal/30f18b14c180f5c45e1496179870a4b283725.jpg
兰博旺花艺（梅林一村店）,福田区梅林一村5区商业城25号,13316976073,https://p0.meituan.net/440.0/deal/adbb4e4e738d492e4677294e57a86937140899.jpg
兰景丽园鲜花（梅林店）,福田区下梅林梅林一村,400-043-0370,https://p1.meituan.net/440.0/poi/dc22c5b17614c389edcda6afb1794fea83968.jpg
思丽卡鲜花（文体公园店）,福田区下梅林文体公园综合楼2栋3A11室,0755-25326149/13632794653,https://p1.meituan.net/440.0/poi/7da4b7093c009afd264510dfa7859005180224.jpg
丽石鲜花（行港通店）,福田区梅山街与梅林路交叉口东北150米,400-690-7520/18676377558,https://p0.meituan.net/440.0/deal/cd4809e8b19794612f2fd1726a275130261281.jpg
鲜花,上沙/下沙,上沙/下沙,
水晶之恋鲜花店（福田店）,福田区福强路5191号龙秋村8巷20号（近上沙地铁站）,18565716960,https://p0.meituan.net/440.0/merchantpic/e56cf3daeb11da7ebf2cf92983b4b40865597.jpg
天上人间花店（车公庙店）,福田区沙头街道下沙大围路下沙二坊15号D铺（上下沙，车公庙，沙嘴沙尾，东海竹子林，新沙新洲）,0755-83402832/13684989801,https://p0.meituan.net/440.0/deal/36ab579af9713267e40e70afa3a5145d538381.jpg
花之都鲜花坊（下沙店）,福田区沙头街道下沙村四坊12号12-1,13510521346,https://p1.meituan.net/440.0/merchantpic/801af29bc505fec541a2aca6617e1ff9450350.jpg
檀薇初品鲜花（滨河店）,福田区上沙农贸市场1楼A33号（地铁7号线上沙A出口600米左右）,18566771060/13686441206,https://p0.meituan.net/440.0/deal/cd2b04f9f7bfa06bae8374c3e4ce9a6e100662.jpg
温馨花艺鲜花店（车公庙店）,福田区下沙二坊69-1号,13530386099,https://p1.meituan.net/440.0/mogu/6ddf21cfcefd2827b86a67a5b13b649764843.jpg
花有缘鲜花（下沙店）,福田区下沙四坊12号102室,18475633365,https://p0.meituan.net/440.0/dpmerchantalbum/f49b20883b7d88b7cb7f858a3569af8a569368.jpg
遇见花店（福田一店）,福田区东涌路13号,13798513847,https://p1.meituan.net/440.0/dpmerchantalbum/39974bac3fb956ef63e1a51256bd15ad131163.jpg
钟爱鲜花（花意缘花店）,福田区沙嘴路上沙东村23巷4号102,15927342127/15827630655,https://p1.meituan.net/440.0/dpdeal/958567100f1a8d67be77140f123410ac426858.jpg
红太阳花店（福田店）,福田区沙嘴路上沙东村23巷4号105,18818699682,https://p0.meituan.net/440.0/dpmerchantalbum/81f0accbdbe0f5b1789eae103cbdeb8a229361.jpg
鲜花高端工作室（福田1店）,福田区下沙京基滨河时代大厦3505室,13620920456,https://p1.meituan.net/440.0/dpmerchantalbum/8f9cc4c78e959a8b82f8c4faf71363a64048947.jpg
遇见花花艺连锁（下沙总店）,福田区下沙大道下沙村三坊冠通驾校隔壁,18566237925/15302688548,https://p1.meituan.net/440.0/shopmainpic/879981766d7dca1c623b885a7c58989b89022.jpg
花悦flower（KKone店）,福田区滨河大道9289号（滨河时代大厦后门旁）,15818669479,https://p0.meituan.net/440.0/merchantpic/7d1340dd0224f28590aadc28376e6bd2340775.jpg
倾心花语（KKone旗舰店）,福田区新村路下沙八坊112号,18565722028,https://p0.meituan.net/440.0/merchantpic/3bf463b8a181bc03721d4583ff395635607404.jpg
指尖花开鲜花连锁（163鲜花店）,福田区上沙综合市场2楼A21--A24铺,13689515221,https://p0.meituan.net/440.0/deal/2c019ec4fb2d708ce17edb809d6739dd98218.jpg
近藤花艺（繁花似锦）,福田区下沙街农批市场综合楼589号,400-857-7720,https://p1.meituan.net/440.0/deal/342a5fa96d48c19769e97db9456892e9157526.jpg
两生花花坊（多瓷花艺店）,福田区下沙街农批市场综合楼589室,400-827-7726,https://p1.meituan.net/440.0/deal/021e395b76c687e6ce084e2381eb35b783584.jpg
花宴・kokia生活美学馆（下沙店）,福田区滨河大道9299号（岁宝百货南侧）,13724298807,https://p1.meituan.net/440.0/dpmerchantalbum/bbb6ca4064e438dc311c6d84c4539c7d246453.jpg
花之韵鲜花坊（163花店）,福田区车公庙天安上沙天桥商城2楼A20-A25店铺,13689515221,https://p0.meituan.net/440.0/deal/833b229402997da9791697df2154b8a6531321.jpg
半夏花开（滨河时代店）,福田区滨河大道9289号京基滨河时代,0755-23894129,https://p1.meituan.net/440.0/dpmerchantalbum/63ce21ba3fe78d6824273d4e0360d0ad10175662.jpg
U Flower 花艺,福田区福田^下沙花好园A2栋17D（下沙 车公庙）,13360519572,https://p1.meituan.net/440.0/dpmerchantalbum/4a93c81b2c0e78081b000af61de1f44455385.jpg
天马座花艺（下沙店）,福田区下沙村八坊11号,400-865-8182,https://p1.meituan.net/440.0/deal/9114c404cece9f705327f58c810a3cf197261.jpg
思丽卡鲜花（6号铺）,福田区上沙村沙尾市场6号铺,0755-25326149/13632794653,https://p0.meituan.net/440.0/poi/39ca5b28b53eb08088bcf025ae6c95fa100352.jpg
香浓花情（繁花似锦）,福田区下沙街农批市场综合楼589号,400-897-8769/18770396256,https://p0.meituan.net/440.0/deal/93a4ee3a770448ccdec5c9ffdf7a406a231332.jpg
丽石鲜花（下沙店）,福田区下沙村三坊67-2号,400-690-7520,https://p0.meituan.net/440.0/deal/cd4809e8b19794612f2fd1726a275130261281.jpg
诚爱,福田区下沙街农批市场综合楼589室,null,https://p1.meituan.net/440.0/deal/ad1ca9229a3476cf3328166a99de248385827.jpg
邂逅花屋（十店）,福田区上沙椰树路农批市场综合楼2楼花店,null,https://p1.meituan.net/440.0/dpdeal/051fbd5988ca5e83805b94b890419e0885390.jpg
鲜花,华强南,华强南,
大自然花店（华强南店）,福田区福虹路华强花园C座一楼（近上海宾馆）,18218540951/13530142287,https://p1.meituan.net/440.0/dpmerchantalbum/5692f8b03c1042bafbc4c572e0150f70538681.jpg
锦尚鲜花（千百度花艺）,福田区福华路60号,13613040283,https://p1.meituan.net/440.0/dpdeal/04a941124fbcf1d55c8703ee39564473117795.jpg
爱之裳鲜花（福田店??）,"福田区福虹路巴黎时尚C座一楼,地铁华强路站",400-969-1299,https://p0.meituan.net/440.0/dpdeal/d8df8dca075b999d71e312ee86e3414b236898.jpg
花点心思花艺（世界贸易店）,福田区福虹路世界贸易广场B座3楼,0755-88605075,https://p0.meituan.net/440.0/dpmerchantalbum/d6fd493d5371008fc3a3aa753e13d92385331.jpg
檀薇初品鲜花（福华店）,福田区福华路148号商铺 距华强路站约558米,36518383/13686441206,https://p0.meituan.net/440.0/deal/da22425be552721536be896ce24b77ec374012.jpg
伊家花店（华强南店）,福田区华强南路2010号（华强南地铁站A出口，中医院对面）,13424199256,https://p1.meituan.net/440.0/dpmerchantalbum/f4121268b7e4416578134aafcad2f869363470.jpg
大自然花店（坂田店）,福田区坂田街道坂田社区黄金山六巷14号106,18995959872,https://p0.meituan.net/440.0/dpmerchantalbum/644d3999c4332c1dc8ba6bc4dbb0a4f9761101.jpg
澜馨花语（国科店）,福田区深南中路与福虹路交汇处国际科技大厦首层2商铺,0755-22900713,https://p0.meituan.net/440.0/deal/09740208788700b796526e4306de7f93478542.jpg
花样年华（青涩花店）,福田区福星路206号,400-897-8769,https://p1.meituan.net/440.0/deal/d0ed80af61ed2eaca51202d49fa58efb45373.jpg
丽石鲜花（牛巷坊店）,福田区福田村牛巷坊56之1-2,400-690-7520,https://p0.meituan.net/440.0/deal/cd4809e8b19794612f2fd1726a275130261281.jpg
兰景丽园鲜花（玉田店）,福田区东园路196号玉田大厦,400-043-0370,https://p1.meituan.net/440.0/poi/dc22c5b17614c389edcda6afb1794fea83968.jpg
花之爱鲜花,福田区福星路114号,null,https://p0.meituan.net/440.0/dpdeal/8717b5c1e2716e3a69e3c376d96c8e9944710.jpg
聚福花卉（福华路配送点）,福田区福华路156号,13534289608,https://p1.meituan.net/440.0/deal/ed080551302369c8c42b82cebb7053bd112332.jpg
Flower Forever菲洛拉花店（福田店）,福田区福华路1003号（岗厦）,null,https://p1.meituan.net/440.0/deal/__49532727__7697721.jpg
桃夭花艺（华强店）,福田区福虹路45号华强花园,400-056-5113/13560762178,https://p0.meituan.net/440.0/shopmainpic/6ffe949b6f82f996cb79004e3ea1cbda260362.jpg
Huahua100鲜花店（华强南店）,福田区华发南路33号,4007285952,https://p0.meituan.net/440.0/poi/dc822df31481859cb6aecd36637dcf5f113270.jpg
牡丹鲜花旗舰店（牡丹鲜花136店）,福田区南园路89号,400-033-9596,https://p1.meituan.net/440.0/deal/050477faebb785b4a8e3124f314e6611465369.jpg
Rose花语鲜花（华强南店）,福田区福华路80号,13527756554,https://p0.meituan.net/440.0/dpmerchantalbum/82942fedd354bded19179b8f457cbe67525704.jpg
澜馨花语（南华店）,福田区华强南路下步庙北区25栋2号商铺(南华花园旁),0755-22900683,https://p0.meituan.net/440.0/deal/07b8d783bf25546423c51ca337e3247442105.jpg
丽石鲜花（福星路店）,福田区福星路17号,400-690-7520,https://p0.meituan.net/440.0/deal/cd4809e8b19794612f2fd1726a275130261281.jpg
澜馨花语（东兴店）,福田区民治东头老村19A栋101号,0755-22900692,https://p1.meituan.net/440.0/deal/7df85bf1fd5da717a71b1581647c1594280474.jpg
丽石鲜花（统建店）,福田区深南中路统建办公楼2栋1层,400-690-7520,https://p0.meituan.net/440.0/deal/cd4809e8b19794612f2fd1726a275130261281.jpg
澜馨花语（福华店）,福田区福华路148号商铺,0755-22900686,https://p1.meituan.net/440.0/deal/32b64f47c0f5d2bc7c6e0fab3f18d6b8318996.jpg
吾爱鲜花（相对语店）,福田区福星路206号,400-857-7720,https://p0.meituan.net/440.0/deal/39bfd5a407ab6565b65911f2a47e7a4227613.jpg
丽石鲜花（丽石鲜花中心店）,福田区中心八路与福华五路交叉口北100米,400-690-7520,https://p0.meituan.net/440.0/deal/cd4809e8b19794612f2fd1726a275130261281.jpg
花样年华（盛开店）,福田区深南中路89号,400-897-8769,https://p1.meituan.net/440.0/deal/d0ed80af61ed2eaca51202d49fa58efb45373.jpg
香浓花情（阳光花坊店）,福田区福星路206号,400-897-8769/18770396256,https://p0.meituan.net/440.0/deal/4059ef93dcd4aa44b686f2e140e61372287910.jpg
丽石鲜花（华肯店）,福田区深南中路2073号华垦大厦1层,400-690-7520,https://p0.meituan.net/440.0/deal/cd4809e8b19794612f2fd1726a275130261281.jpg
花之爱鲜花,福田区华发南路15号,null,https://p0.meituan.net/440.0/dpdeal/8717b5c1e2716e3a69e3c376d96c8e9944710.jpg
丽石鲜花（福虹路店）,福田区福虹路14华强花园103-03号,400-690-7520,https://p0.meituan.net/440.0/deal/cd4809e8b19794612f2fd1726a275130261281.jpg
兰景丽园鲜花（世贸店）,福田区福虹路世贸广场,400-043-0370,https://p1.meituan.net/440.0/poi/dc22c5b17614c389edcda6afb1794fea83968.jpg
鲜花,八卦岭/园岭,八卦岭/园岭,
花有缘鲜花（园岭店）,福田区园岭四街万佳广场1322铺,13430548966,https://p1.meituan.net/440.0/dpmerchantalbum/1c5b82c911956aeae48e3797098afa9b480744.jpg
贵族鲜花（洋洋鲜花）,福田区园岭新村74号楼101-2（近园岭中路）,15989526582,https://p1.meituan.net/440.0/deal/90f520f1bec57c122b27e78e7ddbb81d88703.jpg
谜谷鲜花（福田店）,福田区园岭4万佳广场1323铺（美奇鲜花）,400-018-5123,https://p1.meituan.net/440.0/dpmerchantalbum/f9e600173613bf868e81a2fbd3d9920f429726.jpg
临菊花艺鲜花店（福田店）,福田区八卦一路鹏益花园5栋裙楼103商铺（平安大厦对面）,18928441505,https://p0.meituan.net/440.0/mogu/12a85293196a4c8acc0bca9b392411c3188003.jpg
心雨鲜花（八卦岭店）,福田区八卦三路26号红岭北地铁站旁（近友谊医院）,18476907159,https://p1.meituan.net/440.0/merchantpic/96d18e47faf170f5d6040d30cfc996cd456342.jpg
春暖花开鲜花店（园岭店）,福田区园岭中路万佳广场1326号商铺,13922899547,https://p0.meituan.net/440.0/dpmerchantalbum/e77941dcf31f5ffa4240cee0e6933343117754.jpg
花之语鲜花（福田店）,福田区园岭中路万佳广场1326号商铺,18927434412,https://p0.meituan.net/440.0/dpmerchantalbum/85e2c9f0b7dc9cf06c56cf561d3ea610392689.jpg
花倾城鲜花（红岭站店）,福田区红岭中路与红荔路交叉口西行60米路北（近青年旅社）,17755026641,https://p1.meituan.net/440.0/dpdeal/20a7a47e8311fbe3ac81822b8206af63124644.jpg
丽石鲜花（荔湖店）,福田区红荔路1070-1附近,400-690-7520/18676377558,https://p0.meituan.net/440.0/deal/cd4809e8b19794612f2fd1726a275130261281.jpg
First Flower第一花店鲜花高端定制,福田区八卦岭花卉中心522栋D12（邮政书刊市场旁）,18902855582/18676380668,https://p0.meituan.net/440.0/merchantpic/e508b826ac8214c9f420aa20a083e7f4927132.jpg
七彩鲜花店（园岭店）,福田区园岭八街园东花园3栋102,13662645626,https://p0.meituan.net/440.0/merchantpic/b7f8ce31af7c908f9c6399f1902430ed69127.jpg
文心花艺馆,福田区八卦岭521栋1028号,13670193891,https://p1.meituan.net/440.0/dpmerchantalbum/2ecf997c82dc6b7d84e71923095ca066247742.jpg
澜馨花语（上林苑店）,福田区八卦二路上林苑酒店1楼,18218177251,https://p1.meituan.net/440.0/deal/32b64f47c0f5d2bc7c6e0fab3f18d6b8318996.jpg
兰景丽园鲜花,福田区八卦一路鹏益花园,400-043-0370,https://p0.meituan.net/440.0/dpdeal/fc784d8cb7e848cbf4b788813609b59d206142.jpg
知音花艺（知音花艺）,福田区红岭路1008号,0755-22206857/400-069-8586,https://p1.meituan.net/440.0/deal/f06723de82e8faa2f231ec2b7f88ba16105226.jpg
俊妈鲜花坊,福田区红岭中路2041-1号（红岭中路与园岭八路交叉口）,18725747969,https://p1.meituan.net/440.0/dpdeal/8c4c9897fea38aa9423cb1718a088742683229.jpg
贝特猫鲜花店（八卦二路店）,福田区八卦二路86号,400-168-1957,https://p1.meituan.net/440.0/dpmerchantalbum/c229b063b88fcb574bdcfb9fd1fde4c3183948.jpg
邂逅花屋（五店）,福田区红岭中路园岭新村74栋101室,null,https://p1.meituan.net/440.0/dpdeal/7ba2b7033f03d34567baa9d4b464663b305524.png
相恋鲜花（227店）,福田区红荔路1033号,13923765189,https://p0.meituan.net/440.0/deal/c92abac5ac8c19ca20515f8da7ffd379410147.jpg
浪漫契约（深圳绿花希,福田区梅园路214号,13244894508,https://p1.meituan.net/440.0/dpdeal/d38d0778d9282b2b2c05f8fc983a6d5e155306.jpg
洋洋花坊,福田区八卦岭园岭新村74栋206,15175290695,https://p1.meituan.net/440.0/deal/60d907c0089382ba14f9f2fce1f277a3453634.jpg
花晗flower（体育中心店）,福田区八卦九街北鹏基商场,18823862732,https://p0.meituan.net/440.0/dpmerchantalbum/49a17ad010814497dfbb22a7af1df6a2201881.jpg
亦心花艺（八卦岭店）,福田区八卦二路48栋116号,4009659520,https://p0.meituan.net/440.0/mogu/0b47020bd74865a743fdc08add0432bc84492.jpg
裟娜鲜花（红岭中路店）,福田区笋岗西路与红岭中路交叉口福田园岭新村,null,https://p0.meituan.net/440.0/dpdeal/aa0626e72705dc14053284423fa43ae5270709.jpg
花・澍 Bunches Flowers,福田区福田区八卦岭八卦三路522栋c9c10铺,15813829998,https://p1.meituan.net/440.0/dpmerchantalbum/e872169d57ea5c5a09f6d8be2f67597b4681185.jpg
天马座花艺（八卦岭店）,福田区八卦路23号,4008658182,https://p1.meituan.net/440.0/deal/9114c404cece9f705327f58c810a3cf197261.jpg
聚福花卉（园岭店）,福田区园岭新村新一佳旁,13534289608,https://p1.meituan.net/440.0/deal/a73b4f383cd009888700554661857e91272095.jpg
Flowers匠（福田店）,福田区园岭街道园中花园裙楼万佳广场一层,18688935445,https://p1.meituan.net/440.0/dpmerchantalbum/3fda4a5d0c70395ad40c384254c718ac161524.jpg
檀薇初品鲜花（八卦岭店）,福田区八卦三路光纤小区2栋1楼（友谊医院斜对面）,13686441206/18566771060,https://p0.meituan.net/440.0/deal/3919de7a38137822402f5f2ddfa8fbf3337661.jpg
花里flora,福田区八卦三路521栋首层1023,15118084887,https://p0.meituan.net/440.0/merchantpic/bc3d1e06134e9cc6d93c8fef98765432602616.jpg
绿韵花艺鲜花店（八卦路店）,福田区八卦路33号,400-870-0900,https://p0.meituan.net/440.0/dpmerchantalbum/96837a09739082b9ba47a08d1432b4f7305016.jpg
丽石鲜花（园岭店）,福田区园岭六街30号,400-690-7520,https://p0.meituan.net/440.0/deal/cd4809e8b19794612f2fd1726a275130261281.jpg
丽石鲜花（中昊店）,福田区八卦四路10号附近,400-690-7520,https://p0.meituan.net/440.0/deal/cd4809e8b19794612f2fd1726a275130261281.jpg
石花坊（八卦店）,福田区八卦二路南城市主场公寓楼3楼55号商铺,400-690-7520,https://p1.meituan.net/440.0/deal/c067b45e424c06727dd185620f9fe96a321444.jpg
澜馨花语（平安店）,福田区八卦五街鹏基商务时空大厦首层126号(平安大厦旁),0755-22900705,https://p1.meituan.net/440.0/deal/32b64f47c0f5d2bc7c6e0fab3f18d6b8318996.jpg
澜馨花语（笋岗店）,福田区笋岗西路南国大厦2栋1楼,0755-22900708,https://p0.meituan.net/440.0/deal/09740208788700b796526e4306de7f93478542.jpg
丽石鲜花（九街店）,福田区园岭九街与红岭中路路口,400-690-7520,https://p0.meituan.net/440.0/deal/cd4809e8b19794612f2fd1726a275130261281.jpg
丽石鲜花（富德店）,福田区八卦一路99-2,400-690-7520,https://p0.meituan.net/440.0/deal/cd4809e8b19794612f2fd1726a275130261281.jpg
鲜花,华强北,华强北,
百花苑鲜花店（华强北店）,福田区华发北路69号（赛格科技园公寓区底商）,13926509233,https://p0.meituan.net/440.0/mogu/70a86a78a42866bf12cfca3a87fb1c0e301440.jpg
花之恋鲜花（华强北店）,福田区华富路华新村14栋106号,15889391076,https://p0.meituan.net/440.0/merchantpic/a6d4bec8f79638c52b4aa0002c48d2741029359.jpg
锦祺花芬鲜花（华强店）,福田区深南中路宝华大厦b座-2号商铺（近华强站）,18566752163,https://p1.meituan.net/440.0/dpmerchantalbum/5c4b09f1b1426fe0a9449bf1f36f35a984415.jpg
檀薇初品鲜花（华强北店）,福田区振中路北鼎诚大厦群楼89号铺 距华强北站约229米,18566771060/13686441206,https://p0.meituan.net/440.0/deal/3919de7a38137822402f5f2ddfa8fbf3337661.jpg
遇简花房花店（九方购物中心店）,福田区中航路1号九方购物中心B1层189号铺（热风旁）,0755-23947019,https://p0.meituan.net/440.0/dpmerchantalbum/a194e7f3ec9f4e18f40fe621985aa312410590.jpg
逸琪鲜花,福田区红荔路3008号华新小区22栋102A（近华新站D出口）,0755-82735094/17722844466,https://p1.meituan.net/440.0/dpmerchantalbum/78789d13a8edb32bac67c6756658fdc1558251.jpg
花点时间花艺（华强北九方第八分店）,福田区华强北九方购物中心521,0755-83210365,https://p0.meituan.net/440.0/dpmerchantalbum/b5e36ac575e0507f66385e04c2e9f2b31936720.jpg
草木时空鲜花（深圳店）,福田区华富街道红荔路与皇岗路十字路口花卉世界花卉五路88号,13081935744,https://p0.meituan.net/440.0/dpmerchantalbum/1bff8f2ca0142ffc35f9c915302b13ca556492.jpg
遇见花店（华富路店）,福田区振中路与华富路交汇处13号,13798513847,https://p0.meituan.net/440.0/dpmerchantalbum/bfbd4a1a58127d3e4f539f38ca492cd7116586.jpg
临菊花艺鲜花店（华强北店）,福田区工发路19号,18928441505,https://p1.meituan.net/440.0/mogu/71a0cb05878730338c768a22c4cfe172181163.jpg
半夏花开（福田九方店）,福田区中航路2号九方购物中心,0755-23894129,https://p0.meituan.net/440.0/dpmerchantalbum/f70f9ca02e503db138ca00278ef0f87d1853566.jpg
彬彬鲜花（华强北店）,福田区中航路7-1号鼎诚大厦首层,15915390247,https://p1.meituan.net/440.0/dpmerchantalbum/c5703c80f65975352a2140bd18e4567a133402.jpg
檀薇初品鲜花（福田店）,福田区红荔西路莲花山花卉世界新市场24号（近莲花村站801米）,13686441206/18566771060,https://p0.meituan.net/440.0/deal/705fce7594b4947ed2d728046c515bb1276933.jpg
两生花花坊（喜心音元店）,福田区华强北红荔村西路406号,400-827-7726,https://p1.meituan.net/440.0/deal/0920241b8ebbc612171c9d719a581d5c83027.jpg
野兽派鲜花蛋糕连锁店（华强北店）,福田区华强北振兴路红荔村106铺,400-638-5520/15623055731,https://p0.meituan.net/440.0/deal/231d61c7f749546c0fb8f4d997c9bae3112727.jpg
朵恋鲜花（园岭店）,福田区圆岭中路万佳广场1123铺,18927434412,https://p1.meituan.net/440.0/dpmerchantalbum/6ecb4e3b35fc3c214d5600a3f36c4a60161201.jpg
万美苑鲜花（华强北店）,福田区华强北路1046号赛格经济大厦605,null,https://p1.meituan.net/440.0/dpmerchantalbum/de6c17d1a7efd7d962d32a973573c5ba1616644.png
AILI爱里鲜花（华强北店）,福田区振华路31号,0755-82793090/18565628758,https://p0.meituan.net/440.0/dpmerchantalbum/5e42a4a9c5ad2667a76f09d194ec8b273880060.jpg
鲜花高端工作室（罗湖3店）,福田区中航路18号新亚洲国利大厦803,13620920456,https://p1.meituan.net/440.0/dpmerchantalbum/8f9cc4c78e959a8b82f8c4faf71363a64048947.jpg
Loft花艺,福田区工发路150-4号,13640990100/13760896907,https://p0.meituan.net/440.0/merchantpic/07d9fec5e441a6bf19ce7cdc77eec224201475.jpg
缤纷花艺（梵茜花艺）,福田区红荔路花卉世界花卉一街C4号,18218177251,https://p0.meituan.net/440.0/deal/7661abd061c581979788e16bb6b69d43146902.jpg
益辉鲜花坊（华强北店）,福田区中航路1号,13823321691,https://p0.meituan.net/440.0/dpmerchantalbum/9d0ec9208b35a8f0e9d39855da17d2043972968.jpg
澜馨花语（鼎诚店）,福田区振中路北鼎诚大厦群楼113号铺,0755-22900696,https://p0.meituan.net/440.0/deal/07b8d783bf25546423c51ca337e3247442105.jpg
玫瑰誓言Rose vows（赛格广场店）,福田区华强北路1002号旁边,400-921-9592,https://p0.meituan.net/440.0/ugcpic/9604b9c54ed7cae610b39a34b36dce41801628.png
倾心FLORA（华强北店）,福田区华强北路2009号,18565722028,https://p0.meituan.net/440.0/merchantpic/55b70581e4f7ccd854ea50fc54533af3432091.jpg
温馨花艺鲜花店（华强北店）,福田区振华路100号深纺大厦C座一楼（华强宾馆）,13530386099,https://p0.meituan.net/440.0/mogu/33cdbc105cfc6311105bb0186b7e55e883593.jpg
心艺鲜花（福田店）,福田区华强北路1019号（华强北地铁站）,18219528295,https://p1.meituan.net/440.0/dpmerchantalbum/61040a1a68c48d0e5c9756b53170533459353.jpg
情语鲜花（华强北店）,福田区华发北路34号（电子科技大厦C座东北）,17722682703,https://p1.meituan.net/440.0/dpmerchantalbum/38e85b1cfc6e886aebd0bfe0712eea7d544866.jpg
钟爱鲜花（胖子花店）,福田区红荔路花卉世界,15927342127/15827630655,https://p1.meituan.net/440.0/dpdeal/79b9d050f70dbe67dcd22742f4d7e2b7277752.jpg
丽石鲜花（万泽店）,福田区华富五街,400-690-7520,https://p0.meituan.net/440.0/deal/cd4809e8b19794612f2fd1726a275130261281.jpg
花点心思・花艺馆,福田区华强北振兴路红荔村34号商铺,15919196296,https://p1.meituan.net/440.0/dpmerchantalbum/e47621d6ba441ece3d9d2c2c2eb0962c925763.jpg
香满园鲜花连锁店（欣伊鲜花店）,福田区暗径东街,4008705670,https://p0.meituan.net/440.0/dpdeal/29c36bd0002e63bd2094c429e5c4791667051.jpg
裟娜鲜花（华发北路店）,福田区华发北路与振华路交叉口东行130米路北苏发大厦一楼,null,https://p0.meituan.net/440.0/dpdeal/aa0626e72705dc14053284423fa43ae5270709.jpg
花町花艺店,福田区百花四路长怡花园A栋,15989538274/15815572897,https://p0.meituan.net/440.0/deal/e59ea7d5a6219aacdd6325a487f52b2f710432.jpg
花之爱鲜花,福田区振华路苏发大厦附近,null,https://p0.meituan.net/440.0/dpdeal/da6b1481ea6f811e5c1ae77e8d323426144626.jpg
今喜花屿（华富店）,福田区华富村梅岗南街32号,13164768943,https://p1.meituan.net/440.0/deal/866d848e070dfe57d7071780d2249a1f83271.jpg
伊家花艺（福田振华路店）,福田区振华路苏发大厦一楼28号,15011936829/13073065949,https://p0.meituan.net/440.0/deal/632106264aed341ce85daef76d78ae3d36978.jpg
亦心花艺（花卉世界店）,福田区花卉世界35号,4009659520,https://p1.meituan.net/440.0/deal/219ddc88a0253cf053c1b91f4e96030360032.jpg
珍爱鲜花连锁（振兴路店）,福田区华强北振兴路106号,400-623-1316,https://p0.meituan.net/440.0/deal/__45019703__1958019.jpg
悦喜庆花篮鲜花品牌（华强路店）,福田区中航路4号（都会100大厦一楼608室）,18923447979,https://p1.meituan.net/440.0/dpmerchantalbum/76b06d3f291da0bc8a3dc191cccf064a86667.jpg
维诺拉鲜花店（福田店）,福田区华发南路赛格苑底商（福田区体育中心旁）,15012801314/18126226535,https://p0.meituan.net/440.0/mogu/7ab4374ca03c8b2e11b6650438c32fdb165565.jpg
花之韵鲜花坊（撒拉花语店）,福田区振中路18号,15012678091/18948771491,https://p0.meituan.net/440.0/deal/833b229402997da9791697df2154b8a6531321.jpg
欣乐花艺,福田区红荔西路花卉世界新市场E4铺,0755-82540190,https://p0.meituan.net/440.0/deal/17657a524949f5f39043fe9f9b7657c7492788.jpg
克罗莉斯cloris,福田区华强北红荔村振兴路84号,0755-82781626/13662279659,https://p1.meituan.net/440.0/deal/6e471b9e22459902c3b77a7584580048174320.jpg
花梦谷鲜花（华强北店）,福田区中航路都会100大厦,13544131960,https://p1.meituan.net/440.0/merchantpic/40820227e478b82e32937c923b88fbed65858.jpg
天马座花艺（华强北店）,福田区华强北路1046号,400-865-8182,https://p1.meituan.net/440.0/deal/9114c404cece9f705327f58c810a3cf197261.jpg
我的后花园（九方店）,福田区九方购物中心中航路3号,15875500103,https://p1.meituan.net/440.0/deal/__49532727__7697721.jpg
花悦flower（华强北店）,福田区中航路1号底商（中航路与振中路交叉口西南角）,15818669479,https://p0.meituan.net/440.0/merchantpic/e730326d41887cad6894f1a39c98f62c938564.jpg
石夏兰花艺,福田区福田花卉世界花卉一路B16-4精品街,0755-83818452,https://p1.meituan.net/440.0/deal/d470f5b75c90c18bd71b5e6a84e4c1b7263308.jpg
玫瑰花香（鲜花使者）,福田区花卉世界新场12号,18392150918,https://p0.meituan.net/440.0/deal/d17818843bbeddab098f89a7c9140714383316.jpg
檀薇初品鲜花（百花店）,福田区百花二路百花园一期裙楼第一层L135（距通新岭站约497米）,18566771060/13686441206,https://p0.meituan.net/440.0/deal/affa4bdf4393a2ac3c81ee8c2201d78c42613.jpg
花使鲜花（福田店）,福田区田面新村15栋（设计之都）,18165766631,https://p1.meituan.net/440.0/dpmerchantalbum/288dc8bd32899234f3450c59ae4e2736459695.jpg
似锦花坊,福田区华强北红荔村西路108号,400-827-4588/15179365126,https://p1.meituan.net/440.0/deal/842ad5bdaf4b5c24cd38dd6ab21069d098466.jpg
爱恋鲜花（福田馨艺鲜花）,福田区振中路天虹商场附近,13312982979,https://p1.meituan.net/440.0/dpdeal/e50f4694d0cf40d14883fce97d718a06103094.jpg
思丽卡花艺（福田店）,福田区红荔路花卉世界E5号（华强北，上海宾馆，莲花二村）,13632794653,https://p0.meituan.net/440.0/deal/873a113f81e841c95e410bf7dccae5e937624.jpg
玫瑰缘花店（福田店）,福田区华强北路2009号东方时代广场,13318758859/18123638213,https://p0.meituan.net/440.0/dpmerchantalbum/184497cc47f8fa649e1b5f7c342d19ce264477.jpg
千姿花店（花季节）,福田区华强北振兴路红荔村106铺,400-088-8775,https://p1.meituan.net/440.0/deal/ea258ed6d43b6f0b6923f2a52972aa9f436536.jpg
一束缘鲜花（福田店）,福田区华强北华发路54号（招商银行旁）,13544009503/18038111927,https://p1.meituan.net/440.0/poi/876020d3bc86cd53dabb97ccdff7da3b24576.jpg
夏木森秋创意生活花艺馆（华强北店）,福田区华强路2009号茂业百货,13138172117/13642718450,https://p1.meituan.net/440.0/dpmerchantalbum/2835c61a19fee4eca3055c39a72017c7133622.jpg
rose・花语鲜花（深南中路店）,福田区深南中路4018号,13527756554/18802086541,https://p0.meituan.net/440.0/dpmerchantalbum/82942fedd354bded19179b8f457cbe67525704.jpg
小清新花艺（花卉世界店）,福田区华富街道4018号花卉世界F6,15002080165,https://p0.meituan.net/440.0/poi/94df33ea15382cd3392885bacd1a1aad100352.jpg
angel花艺（14店）,福田区嘉禾望岗地铁站（嘉禾望岗店）,13922173302/13570233561,https://p1.meituan.net/440.0/dpdeal/524057ebe320c717adacd8c7efc17f00161542.jpg
信望爱花店,福田区华富村东区10号楼1楼,18026998132,https://p0.meituan.net/440.0/shopmainpic/a41b033817bf79af3e212447476a4d8995822.jpg
贝特猫鲜花店（振兴路店）,福田区振兴路108号,400-168-1957,https://p0.meituan.net/440.0/dpdeal/5381077a0dc2f301154fcb1b58eba2b373642.jpg
Année安妮鲜花绿植（航苑大厦店）,福田区振华路航苑大厦东座一楼（九方购物中心对面）,0755-83256385,https://p0.meituan.net/440.0/dpmerchantalbum/8b5cba06ec20974f488c46e26076725810300086.jpg
聚福花卉（燕南配送点）,福田区振华路39号,13534289608,https://p0.meituan.net/440.0/deal/f3d079d25841e5c9b02d821d1dd96b2b115493.jpg
兰亭 Flower（华强北店）,福田区华强路北路2009号东方时代广场负3层中庭,13631517883,https://p0.meituan.net/440.0/dpmerchantalbum/58ee32516bc5d77c7e9b7b98118582b2222630.jpg
乱花篱鲜花店（华强北总店）,福田区深南中路华强北世纪汇广场,18566237925/15302688548,https://p1.meituan.net/440.0/dpmerchantalbum/7cf3a776c114a310b51028ec7d5c79811542924.jpg
澜馨花语（振华店）,福田区振华路175号中航苑大厦1楼2号铺,0755-22900660,https://p0.meituan.net/440.0/deal/05e37d6116ec6cf4102ba369d0536f85123094.jpg
澜馨花语（百花店）,福田区华强北路长泰花园底商,18926541142,https://p0.meituan.net/440.0/deal/6985d090422daf719726ec2ea6ca14db195616.jpg
香浓花情（昔小花舍店）,福田区深南中路89,400-897-8769/18770396256,https://p0.meituan.net/440.0/deal/4059ef93dcd4aa44b686f2e140e61372287910.jpg
一花一世界（华新店）,福田区华新地铁站A1出口时尚MEGO商城新一街22B（正佳国际影院）,18814488786,https://p1.meituan.net/440.0/mogu/1898a5a0c28b518bf81051d2d01f7c27261208.jpg
澜馨花语（华发二店）,福田区华联发大厦西座（肯德基振华餐厅旁边）,0755-22900699,https://p0.meituan.net/440.0/deal/0535bbba74b2c142718ccd3bbae098fe212216.jpg
钟爱鲜花（馨之韵花艺）,福田区笋岗西路华富北屋村73栋1楼,15927342127/15827630655,https://p1.meituan.net/440.0/dpdeal/e4def4c34664ca4b65203893a5939ca883235.jpg
澜馨花语（华强店）,福田区华强北宝华大厦B座1楼2号商铺,0755-22900702,https://p0.meituan.net/440.0/deal/07b8d783bf25546423c51ca337e3247442105.jpg
香浓花情（似锦花坊）,福田区华强北红荔村西路106号,400-897-8769,https://p1.meituan.net/440.0/deal/1d4f967bb1dae02461e5414de478a1b754189.jpg
澜馨花语（华发店）,福田区华发北路108栋A02号商铺,0755-22900703,https://p0.meituan.net/440.0/deal/0535bbba74b2c142718ccd3bbae098fe212216.jpg
丽石鲜花（花卉世界店）,福田区红荔路4018号花卉世界F16,400-690-7520,https://p0.meituan.net/440.0/deal/cd4809e8b19794612f2fd1726a275130261281.jpg
香满园鲜花连锁店,福田区花卉一路,400-870-5670,https://p0.meituan.net/440.0/dpdeal/cf699c10016bfe6664aa001ba262d51b35949.jpg
花的情缘,福田区华强北红荔村西路106号,null,https://p0.meituan.net/440.0/deal/091f6fe5e1507d96daa7e0f045cdaf1c92432.jpg
指尖花开鲜花连锁（金美雅花艺）,福田区红荔路深圳花卉世界G区15号,13265751308/15112332063,https://p0.meituan.net/440.0/deal/2c019ec4fb2d708ce17edb809d6739dd98218.jpg
深圳市澜馨鲜花礼品有限公司,福田区区宏荔西路莲花山花卉世界新市场24号,15989345342,https://p0.meituan.net/440.0/deal/44ac6b48f26e0e11da505e7480f693af116541.jpg
亦心花艺（华强北店）,福田区振华路64号苏发大厦1楼,400-965-9520,https://p1.meituan.net/440.0/deal/a4849aa094655a202e8f78ff8275f43a267916.jpg
澜馨花语（建福店）,福田区华强北振华路97号东方建福广场1楼东侧,0755-22900710,https://p0.meituan.net/440.0/deal/1338d48490b9ef74478aa9730dd59084139971.jpg
丽石鲜花（福岭店）,福田区百花二路66-5号,400-690-7520,https://p0.meituan.net/440.0/deal/cd4809e8b19794612f2fd1726a275130261281.jpg
澜馨花语（绿洲店）,福田区深南路田面村城市绿洲花园会所01A,0755-22900675,https://p0.meituan.net/440.0/deal/07b8d783bf25546423c51ca337e3247442105.jpg
石花坊鲜花店（花卉世界店）,福田区华富街道红荔路4018号花卉世界F1号铺,400-690-7520,https://p1.meituan.net/440.0/deal/9b19daedbda14480671c7a17b272569c433827.jpg
澜馨花语（振华店）,福田区振华路华强宾馆旁100-5一楼,0755-22900698,https://p0.meituan.net/440.0/deal/6985d090422daf719726ec2ea6ca14db195616.jpg
丽石鲜花（振兴店）,福田区振兴路105号,400-690-7520/18676377558,https://p0.meituan.net/440.0/deal/cd4809e8b19794612f2fd1726a275130261281.jpg
香满园鲜花连锁店,福田区上沙市场对面椰树村8巷47号,400-870-5670,https://p1.meituan.net/440.0/dpdeal/63ef89ef3d9b63ab80f90fba9ddaff1c93570.jpg
好色彩花店,福田区红荔路花卉世界104-10号,0755-83818452/13714064302,https://p0.meituan.net/440.0/deal/4aa474a104820b17f516d71497eb4e96114297.jpg
丽石鲜花（福华店）,福田区福华路146号商铺（福田医院站台旁）,400-690-7520,https://p0.meituan.net/440.0/deal/cd4809e8b19794612f2fd1726a275130261281.jpg
锦祺花芬鲜花（群星店）,福田区华强北路4014号圣廷苑酒店世纪楼1楼,13288066971,https://p1.meituan.net/440.0/dpmerchantalbum/1aed6136cd32d405492580fa3a872d2a295152.jpg
锦祺花芬鲜花（华发店）,福田区华发北路108栋A02号商铺（距华新站约293米）,18566752163,https://p1.meituan.net/440.0/dpmerchantalbum/5c4b09f1b1426fe0a9449bf1f36f35a984415.jpg
莲花北路花卉,福田区莲花北路花卉世界新市场104-5号,13164768943,https://p1.meituan.net/440.0/deal/a23eb0afceada3af8f4150d3a13f41d2141647.jpg
澜馨花语（百花二店）,福田区百花二路66-12实验中学综合楼初中部旁,0755-22900670,https://p0.meituan.net/440.0/deal/05e37d6116ec6cf4102ba369d0536f85123094.jpg
丽石鲜花（百花店）,福田区百花三路7号,400-690-7520,https://p0.meituan.net/440.0/deal/cd4809e8b19794612f2fd1726a275130261281.jpg
今喜花屿（莲花北路花卉）,福田区花卉世界花卉一路精品街114商铺（暂停文化馆旁边50米）,13164768943,https://p0.meituan.net/440.0/deal/f3962299ae353ba33a2a5f1fe47eb606124648.jpg
超超鲜花,福田区华强北路华新村24栋5单元（赛格群星斜对面）,18926541142,https://p1.meituan.net/440.0/deal/523f0487ab7e5cfe1510f197c489f40d606859.jpg
指尖花开鲜花连锁（馨情花艺）,福田区华富街道华富村东区23栋B1-105,0755-29100620/18188627386,https://p0.meituan.net/440.0/deal/2c019ec4fb2d708ce17edb809d6739dd98218.jpg
花之爱鲜花,福田区振兴路（华强北派出所旁）,null,https://p0.meituan.net/440.0/dpdeal/1cd21b506e359441c82a9223f619a77e226145.jpg
今喜花屿（华强北店）,福田区华强北赛格康乐市场1-103号,13164768943,https://p1.meituan.net/440.0/deal/866d848e070dfe57d7071780d2249a1f83271.jpg
鲜花,皇岗/水围,皇岗/水围,
天上人间花店（中心城店）,福田区皇都广场A座108（市中心区，皇岗，水围，岗厦，石厦）,13322925836,https://p0.meituan.net/440.0/merchantpic/b078dee1c8da51f5df0ecbdb575490a6101063.jpg
花点时间花艺（皇岗村第九分店）,福田区金田路皇岗商业城501号,0755-83210365,https://p0.meituan.net/440.0/dpmerchantalbum/b5e36ac575e0507f66385e04c2e9f2b31936720.jpg
喜花（福田店）,福田区滨河大道6015号,18602820848/13828877435,https://p1.meituan.net/440.0/dpmerchantalbum/749ac24ca46ee575f566bc3bfea4433453142.jpg
花之恩鲜花店（皇岗店）,福田区皇岗四街吉龙二村35栋102号,13632880897/18598260036,https://p1.meituan.net/440.0/dpmerchantalbum/e2a4a06b58e8918af3618738611ba711189346.jpg
恋依美鲜花（皇岗店）,福田区皇岗村皇岗二街上围三村28号,13544162353,https://p1.meituan.net/440.0/dpmerchantalbum/5d542492f071e9542b670f5066879e6284738.jpg
花点心思花艺（水围店）,福田区水围九街龙轩豪庭1208室,0755-88605075,https://p0.meituan.net/440.0/dpmerchantalbum/d6fd493d5371008fc3a3aa753e13d92385331.jpg
爱尚礼鲜花（皇岗村店）,福田区皇岗村皇岗七街225号,0755-82918100,https://p0.meituan.net/440.0/dpmerchantalbum/53e780e12f2f21ccb926380160bb16ee3223777.jpg
八里香鲜花店,福田区益田路吉龙二村35栋102,18818773636,https://p1.meituan.net/440.0/deal/__49532727__7697721.jpg
半夏花开（皇岗店）,福田区金田路皇安大厦9楼,0755-23894129,https://p1.meituan.net/440.0/dpmerchantalbum/62efaeba0a9a349c301d49bf2826265e5342622.jpg
花约鲜花店（福田店）,福田区滨河大道皇岗上围二村49号楼,13651445989/13923703361,https://p1.meituan.net/440.0/dpmerchantalbum/8a575c5d431eedfd92e3986731502210221788.jpg
玫瑰誓言Rose vows（会展店）,福田区益田路3008号旁边,400-921-9592,https://p0.meituan.net/440.0/ugcpic/9604b9c54ed7cae610b39a34b36dce41801628.png
时光花艺（福田店）,福田区益田路3006号（皇岗世纪花园8栋1楼）,13603036220,https://p0.meituan.net/440.0/dpmerchantalbum/3155d60bc9d64fd43b9f1098ea0c544e67259.jpg
甜蜜蜜鲜花店（益田路店）,福田区益田路东方雅苑一楼,13530522819,https://p0.meituan.net/440.0/mogu/d559009bd389d87083e978a59e1eccb3260003.jpg
丽茵花店,福田区水围九街30号附近,null,https://p1.meituan.net/440.0/deal/__49532727__7697721.jpg
花小铺,福田区水围1368国际文化街柠盟公寓楼下,18823746080,https://p0.meituan.net/440.0/dpmerchantalbum/318ba5dc448293ceb2dcc0823a08f6052875907.jpg
鲜花,新城市广场,新城市广场,
檀薇初品鲜花（红岭南路店）,福田区红岭南路31号（近大剧院站）,13686441206/18566771060,https://p1.meituan.net/440.0/deal/08fef77b7c0a7ef19f227e83bfcb4eec219469.jpg
丽石鲜花（同心南路店）,福田区同心南路66-1号,400-690-7520,https://p0.meituan.net/440.0/deal/cd4809e8b19794612f2fd1726a275130261281.jpg
幸运花屋（福田店）,福田区新城大厦西座102号,13510931080,https://p1.meituan.net/440.0/merchantpic/029014c14a89b050486b6b39dfe2c88580563.jpg
亦心花艺（坂田店）,福田区上步南路与南园路交叉口佳兆业城市广场40号（佳兆业中心A座）,400-965-9520,https://p1.meituan.net/440.0/dpdeal/f14df0e5321c6a1ee1729ca6f524744c65654.jpg
贝特猫鲜花店（巴丁街店）,福田区巴丁街9号,400-168-1957,https://p1.meituan.net/440.0/dpdeal/35d45856bb5f8c98e486e8077647304187414.jpg
我的后花园（深南中路店）,福田区新城市广场深南中路1085号,15875500103,https://p1.meituan.net/440.0/deal/__49532727__7697721.jpg
聚福花卉（东园路配送点）,福田区东园路55号,13534289608,https://p1.meituan.net/440.0/deal/ed080551302369c8c42b82cebb7053bd112332.jpg
田园花语（城市广场店）,福田区南园路新城市广场旁,0755-82774400/18098980567,https://p1.meituan.net/440.0/deal/42dfa6e072c6dc3f6dcaf6f4e8e57545374783.jpg
兰景丽园鲜花（红岭店）,福田区红岭南路红岭大厦三栋,400-043-0370,https://p1.meituan.net/440.0/poi/dc22c5b17614c389edcda6afb1794fea83968.jpg
丽石鲜花（东园店）,福田区东园路83号附近,400-690-7520,https://p0.meituan.net/440.0/deal/cd4809e8b19794612f2fd1726a275130261281.jpg
鲜花,车公庙,车公庙,
花点时间花艺（车公庙第一分店）,福田区泰然四路与泰然九路交叉口泰然科技园211栋806室（凤凰花开我们在8楼806）,0755-83210365,https://p0.meituan.net/440.0/dpmerchantalbum/b5e36ac575e0507f66385e04c2e9f2b31936720.jpg
花拉拉鲜花坊（车公庙店）,福田区车公庙泰然四路110号,15817369151,https://p1.meituan.net/440.0/merchantpic/6afe6c0d268411da1018b0506355f13276926.jpg
爱尚礼鲜花（车公庙店）,福田区沙头街道车公庙泰然四路104栋4号,0755-82918100,https://p1.meituan.net/440.0/dpmerchantalbum/4b27442fb22fa7a3f0b2c8ec7768f63a3157193.jpg
朵恋鲜花（车公庙店）,福田区泰然九路泰然工贸园二区206栋370室,15323825050,https://p0.meituan.net/440.0/dpmerchantalbum/b6a6c07f9e15300b942e25cfefc51b46207748.jpg
我的后花园（东海国际店）,福田区东海国际中心深南大道1878号,15875500103,https://p1.meituan.net/440.0/deal/__49532727__7697721.jpg
春暖花开鲜花店（福田店）,福田区泰然六路泰然工贸园二区205栋-东座（车公庙F出口）,13922899547,https://p0.meituan.net/440.0/dpmerchantalbum/e77941dcf31f5ffa4240cee0e6933343117754.jpg
浪漫花屋鲜花店（福田店）,福田区香蜜湖路泰然工贸园二区205栋东座369室,15817355705,https://p0.meituan.net/440.0/merchantpic/e12b662aea906dc71d08e689bb0c12ce622934.jpg
玫瑰誓言Rose vows（滨纷天地店）,福田区深南大道7888号三楼,400-921-9592,https://p0.meituan.net/440.0/ugcpic/9604b9c54ed7cae610b39a34b36dce41801628.png
小深林花艺馆,福田区泰然九路皇冠科技园二栋6楼,13537398430,https://p0.meituan.net/440.0/dpmerchantalbum/bb69444991523bfb89faa6f8ddd2b1562043419.png
桃夭花艺（香蜜湖店）,福田区深南大道6017号都市阳光名苑,400-056-5113/13560762178,https://p1.meituan.net/440.0/dpmerchantalbum/9832bc270e0fe7fab4ebb29dff8dfab1139923.jpg
珍爱鲜花连锁（福田店）,福田区车公庙泰然九路喜年中心1楼,400-623-1316,https://p0.meituan.net/440.0/deal/__45019703__1958019.jpg
真色彩花艺鲜花店（车公庙店）,福田区泰然四路113号泰然工贸园211栋（东座）,18038037520,https://p1.meituan.net/440.0/mogu/9777a6145d3a5fa979225bcf53ce54f0143597.jpg
益辉鲜花坊（车公庙店）,福田区泰然四路泰然工贸园二区205栋东座3楼369室,19807554871,https://p0.meituan.net/440.0/dpmerchantalbum/ffd9beb6e14ffab87b69bca74d14dacb4017807.jpg
大行花开（上沙店）,福田区上沙科技园15栋1楼105室,400-092-5186,https://p1.meituan.net/440.0/deal/895651500e7b45c1c0336247bcdefeb1121737.jpg
花冠鲜花（车公庙店）,福田区泰然四路泰然科技园203栋底商,13928444874,https://p0.meituan.net/440.0/dpdeal/b7bdbb4165f8a98454e2ad1911be95f2146838.jpg
朵美鲜花店（福田店）,福田区泰然九路泰然工贸园212栋东座3层,13620921926,https://p0.meituan.net/440.0/dpmerchantalbum/4eb3f3edef151d764c2c373e3bf1369a291075.jpg
花之语鲜花（车公庙店）,福田区泰然四路泰然工贸园202栋323,18927434412,https://p0.meituan.net/440.0/dpmerchantalbum/85e2c9f0b7dc9cf06c56cf561d3ea610392689.jpg
花之爱鲜花,福田区泰然四路泰然科技园（近地铁车公庙店D2出口）,null,https://p1.meituan.net/440.0/dpdeal/12dc724d308aca77b663719868cbc914172382.jpg
情语鲜花（车公庙店）,福田区深南大道6019号丰盛町商业步行街1层,17722682703,https://p1.meituan.net/440.0/dpmerchantalbum/38e85b1cfc6e886aebd0bfe0712eea7d544866.jpg
兰景丽园鲜花（天安店）,福田区泰然四路天安数码城NED大厦(车公庙地铁站),400-043-0370,https://p1.meituan.net/440.0/poi/dc22c5b17614c389edcda6afb1794fea83968.jpg
爱恋鲜花（深圳百合花店）,福田区车公庙泰然九路188号,0755-27048293,https://p0.meituan.net/440.0/dpdeal/2c55d9992383b03f5d63b643525d46e3120149.jpg
花语花意 Flower（车公庙店）,福田区泰然四路105号,18664746396,https://p1.meituan.net/440.0/dpmerchantalbum/28ac284e83fde2e64ca142eb9ec7a4171626829.png
锦尚鲜花（百合花店）,福田区车公庙泰然九路喜年中心一楼,0755-27048293,https://p1.meituan.net/440.0/deal/386347c554f52d02e3443a5a47108f9f509471.jpg
天马座花艺（车宫庙店）,福田区深南大道6019号,400-865-8182,https://p1.meituan.net/440.0/deal/9114c404cece9f705327f58c810a3cf197261.jpg
悦喜庆花篮鲜花品牌（车公庙店）,福田区深南大道6011号NEO企业大厦A座1楼108室（车公庙J1出口、NEO企业大厦）,18923447979,https://p1.meituan.net/440.0/dpmerchantalbum/76b06d3f291da0bc8a3dc191cccf064a86667.jpg
丽石鲜花（泰然路店）,福田区泰然七路29号附近,400-690-7520/18676377558,https://p0.meituan.net/440.0/deal/cd4809e8b19794612f2fd1726a275130261281.jpg
美尚美鲜花（梵茜花艺车公庙店）,福田区香林路招行大厦附楼一楼层,0755-28168766/13148808866,https://p1.meituan.net/440.0/deal/733b643df62807f61f32496624064618251683.jpg
夏木森秋创意生活花艺馆（香蜜湖店）,福田区深南大道6019号丰盛町商业步行街B1层,13138172117/13724840978,https://p1.meituan.net/440.0/dpmerchantalbum/2835c61a19fee4eca3055c39a72017c7133622.jpg
澜馨花语（天安店）,福田区天安数码城天祥大厦一楼A座西侧,13480177725,https://p0.meituan.net/440.0/deal/0535bbba74b2c142718ccd3bbae098fe212216.jpg
时光花艺（车公庙店）,福田区泰然五路天安数码城,14715874358,https://p0.meituan.net/440.0/dpmerchantalbum/3155d60bc9d64fd43b9f1098ea0c544e67259.jpg
rose_花语鲜花,福田区泰然四路103号,13527756554/18802086541,https://p0.meituan.net/440.0/dpmerchantalbum/82942fedd354bded19179b8f457cbe67525704.jpg
水晶之恋鲜花店（车公庙店）,福田区泰然四路泰然工贸园205栋,18565716960,https://p1.meituan.net/440.0/merchantpic/1cd969cf6d605f86307137875f1b44ec77257.jpg
钟爱鲜花（玫木传情花艺馆）,福田区香蜜湖路泰然工贸园二区205栋-东座3楼369室,15927342127/15827630655,https://p0.meituan.net/440.0/deal/73e90a1213f0eb22dbca4e5ea3998091317157.jpg
唯爱花艺生活馆,福田区车公庙丰盛町地下阳光街D区D2-072,0755-23489279/13530878811,https://p0.meituan.net/440.0/dpmerchantalbum/4219a70cafa42058f3f9b8ba4c231598160814.jpg
兰亭  Flower（车公庙店）,福田区泰然四路15号创新科技广场1期A座2楼214,13631517883,https://p0.meituan.net/440.0/merchantpic/aba2151fb84798b6c8aacb638d9daad0207847.jpg
亦心花艺（车公庙店）,福田区车公庙泰然9路喜年中心1楼,400-965-9520,https://p1.meituan.net/440.0/deal/dd7bda39d6a2a1d9beb16e322bfe881052494.jpg
檀薇初品鲜花（泰然店）,福田区泰然工业区211栋1楼8号 距车公庙站约375米,36518383/  13686441206,https://p1.meituan.net/440.0/deal/8e43b5790481a2d01e2cfeb18e197d3e110815.jpg
弗洛希花店,福田区泰然四路13号弗洛希花店（乐购超市旁）,0755-83689139,https://p0.meituan.net/440.0/mogu/a7cd8a9169948479f24b0a573807c9c3100179.jpg
花悦flower（车公庙店）,福田区深南大道6103号车公庙丰盛町内,15818669479,https://p0.meituan.net/440.0/merchantpic/e730326d41887cad6894f1a39c98f62c938564.jpg
田园花语（车公庙店）,福田区泰然路深业泰然大厦A座,0755-82774400/18098980567,https://p1.meituan.net/440.0/deal/e220f53c3f908ac7193b7e7e0aa2ca1631953.jpg
幸福美鲜花店（福田店）,福田区车公庙泰然工贸园205栋东座3楼,18948320420,https://p0.meituan.net/440.0/mogu/107a6ccd18797de71876a3af8848bf9e155895.jpg
爱丽丝花坊（贝贝花店）,福田区车公庙泰然九路喜年中心一楼底商5号,13640920827,https://p0.meituan.net/440.0/deal/f79a8b50f7f13e7a968e1612f14f2092346506.jpg
野兽派鲜花蛋糕连锁店（车公庙店）,福田区滨河大道上沙科技园15栋1楼105室,400-638-5520/15623055731,https://p0.meituan.net/440.0/deal/231d61c7f749546c0fb8f4d997c9bae3112727.jpg
网络花店（车公庙分店）,福田区深南大道车公庙段丰盛町商业步行街负二层（丰盛町屈臣氏）,18823379128,https://p1.meituan.net/440.0/dpmerchantalbum/372c027f0e5786fb1e510652a07283cb231768.jpg
今喜花屿（天安花卉）,福田区泰然四路天安数码城一楼大堂内,13164768943,https://p1.meituan.net/440.0/deal/f493da3f644cfd464730050181f19b1d228348.jpg
心雨鲜花（福田店）,福田区泰然工业园泰然四路103号（车公庙地铁站）,18476907159,https://p0.meituan.net/440.0/merchantpic/bfb3a22bfe2f8fcf7209dc31764ae92f911825.jpg
花之缘鲜花（车公庙店）,福田区泰然七路25号苍松大厦南座1楼,13538128437,https://p1.meituan.net/440.0/mogu/919e33a93b8128fd0b0ad620819d9de360639.jpg
花宴|kokia生活美学馆（车公庙店）,福田区车公庙地铁站旁都市阳光名苑1栋20C,13724298807,https://p1.meituan.net/440.0/dpmerchantalbum/bbb6ca4064e438dc311c6d84c4539c7d246453.jpg
绿韵花艺鲜花店（深南大道店）,福田区深南大道6017号都市阳光名苑1栋24A（车公庙地铁站C出口）,400-870-0900,https://p0.meituan.net/440.0/dpmerchantalbum/96837a09739082b9ba47a08d1432b4f7305016.jpg
丽石鲜花（易捷店）,福田区深南大道12052,400-690-7520,https://p0.meituan.net/440.0/deal/cd4809e8b19794612f2fd1726a275130261281.jpg
兰景丽园鲜花（泰然店）,福田区泰然六路苍松大厦,4000430370,https://p1.meituan.net/440.0/poi/dc22c5b17614c389edcda6afb1794fea83968.jpg
澜馨花语（创展中心店）,福田区深南大道6007号安徽大厦创展中心B1楼100号香蜜湖站01号铺,0755-22900662,https://p0.meituan.net/440.0/deal/09740208788700b796526e4306de7f93478542.jpg
澜馨花语（金润店）,福田区车公庙金润大厦105号(车公庙地铁站C出口),0755-22900668,https://p0.meituan.net/440.0/deal/6985d090422daf719726ec2ea6ca14db195616.jpg
花之爱鲜花,福田区泰然九路喜年中心旁,null,https://p1.meituan.net/440.0/dpdeal/12dc724d308aca77b663719868cbc914172382.jpg
相恋鲜花,福田区车公庙泰然九路喜年中心一楼,13640920827,https://p0.meituan.net/440.0/deal/c92abac5ac8c19ca20515f8da7ffd379410147.jpg
澜馨花语（英龙店）,福田区深南大道6025号英龙大厦一楼,0755-22900715,https://p1.meituan.net/440.0/deal/9001b3760fdfae2b676c381979ea82ae200357.jpg
澜馨花语（车公庙店）,福田区泰然九路海松大厦裙楼1楼A006铺,0755-22900658/13691846986,https://p1.meituan.net/440.0/deal/32b64f47c0f5d2bc7c6e0fab3f18d6b8318996.jpg
兰景丽园鲜花（丰盛町店）,福田区车公庙丰盛町,4000430370,https://p1.meituan.net/440.0/poi/dc22c5b17614c389edcda6afb1794fea83968.jpg
兰景丽园鲜花（东海店）,福田区东海花园二期东海坊,400-043-0370,https://p1.meituan.net/440.0/poi/dc22c5b17614c389edcda6afb1794fea83968.jpg
檀薇初品鲜花（车公庙店）,福田区泰然九路海松大厦裙楼1楼A006铺距车公庙站约642米,0755-36518383/13244856994,https://p1.meituan.net/440.0/deal/d227dbafe7ad2891b7ee4852a5ea9b57333684.jpg
丽石鲜花（全家店）,福田区香蜜湖路neo旁,400-690-7520/18676377558,https://p0.meituan.net/440.0/deal/cd4809e8b19794612f2fd1726a275130261281.jpg
今喜花屿（车公庙店）,福田区车公庙农科花卉中心距车公庙站约689米,13164768943,https://p1.meituan.net/440.0/deal/31c14974d80ef0bd3d99b7be33320ff8251675.jpg
鲜花,景田,景田,
天上人间花店（梅景店）,福田区红荔西路7022号鲁班大厦首层（福田中心区，景田，香密湖，上下梅林，莲花北村）,0755-83402832/13684989801,https://p0.meituan.net/440.0/merchantpic/697cb921df88e1b01121f309dd26cb3b63828.jpg
凡派花坊,福田区景田路景田西小区8栋1楼98号（福田景田地铁口e出口直行约290米）,18318534821,https://p0.meituan.net/440.0/merchantpic/c74d81827e5fd43966971221415fef2658579.jpg
逸琪鲜花（景田店）,福田区景田北三街梅富村23号旁,0755-82735094/17722844466,https://p1.meituan.net/440.0/dpmerchantalbum/f3d441beba96c50fb2805ae5a0bf5061416747.jpg
情语鲜花（景田店）,福田区莲花路2018号万科金色家园1楼（交通监控中心对面）,17722682703,https://p1.meituan.net/440.0/dpmerchantalbum/38e85b1cfc6e886aebd0bfe0712eea7d544866.jpg
澜馨花语（景田店）,福田区商报东路1016号（景田店）,0755-22900658/13691846986,https://p0.meituan.net/440.0/deal/3c40435c9c13a276817afa382ed6cb22103410.jpg
珍爱鲜花连锁（椰树路店）,福田区上沙椰树路农批市场综合楼2楼花店,400-623-1316,https://p0.meituan.net/440.0/deal/__45019703__1958019.jpg
恋依美鲜花（景田店）,福田区景田路83号万托家园1楼（景田酒店对面)）,13544162353,https://p0.meituan.net/440.0/dpmerchantalbum/20bd83a56e5dcee1d311cb1be4bec87a59364.jpg
谜谷鲜花（光明新区店）,福田区迎福路48号2卡,400-018-5123,https://p1.meituan.net/440.0/dpmerchantalbum/f9e600173613bf868e81a2fbd3d9920f429726.jpg
简爱花语（景田店）,福田区景田路82号,18098961230,https://p1.meituan.net/440.0/deal/__49532727__7697721.jpg
rose花语鲜花（景田东路店）,福田区景田东路9号,13527756554/18802086541,https://p0.meituan.net/440.0/dpmerchantalbum/82942fedd354bded19179b8f457cbe67525704.jpg
情满轩花坊（景田花店）,福田区景田布尾村11号201,18665876202,https://p1.meituan.net/440.0/poi/ebf213c2eb66385464f33488b77d496f51200.jpg
丽石鲜花（百里店）,福田区景田路3-1号,400-690-7520/18676377558,https://p0.meituan.net/440.0/deal/cd4809e8b19794612f2fd1726a275130261281.jpg
Weekender周末家花艺,福田区景田东一街104号茗香苑南门旁,13360050334,https://p0.meituan.net/440.0/merchantpic/af375614338e8c3b1ddadf95838fd620523141.jpg
小蓝帽花艺（东方玫瑰花园店）,福田区香梅路东方玫瑰花园26栋7号（东方玫瑰花园底商，山水大厦，深茂商业中心）,13059304649/13059304648,https://p0.meituan.net/440.0/dpmerchantalbum/d6054542ee353a9adfd1acc5aebada4d207723.jpg
三两花事32FLORA,福田区新闻路与景田五街合正名园b座首层6号铺（复印店旁边）,0755-33168324/18681530060,https://p1.meituan.net/440.0/dpmerchantalbum/cacd5a2ecbaeaef2f0570e812ebf1164120473.jpg
檀薇初品鲜花（新闻店）,福田区景田路与新闻路交口五洲星苑一楼(特区报社后面)距莲花西站约675米,0755-36518383,https://p1.meituan.net/440.0/deal/66ec70da81ca1097ab4db24b4eaf978d372758.jpg
琪花铺子鲜花店,福田区莲花北村新洲路吉莲大厦四栋一层（吉儿乐母婴用品店旁）,13600147515,https://p0.meituan.net/440.0/merchantpic/27d444cd37163fd6755042df40f24cbb834549.jpg
澜馨花语（新闻二店）,福田区新闻路特报社公寓大楼1楼,0755-22900671,https://p1.meituan.net/440.0/deal/ac31530d7c8c5252fc8867167e982a3770591.jpg
兰景丽园鲜花（景田店）,福田区景田路天健时尚新天地卓红砖蒸屋旁,400-043-0370,https://p1.meituan.net/440.0/poi/dc22c5b17614c389edcda6afb1794fea83968.jpg
天马座花艺（景田店）,福田区景田路78号,400-865-8182,https://p1.meituan.net/440.0/deal/9114c404cece9f705327f58c810a3cf197261.jpg
天使花艺（石花坊鲜花联盟）,福田区景田东路商铺20号,400-690-7520,https://p0.meituan.net/440.0/deal/bbace1b62f8d4d499021aaf6e653e770379868.jpg
澜馨花语（雅枫国际店）,福田区景田东路70号图书馆大厦雅枫国际酒店1楼,18926541142,https://p1.meituan.net/440.0/deal/2510d2e9af41d841107ad0c8c835394077414.jpg
丽石鲜花（富顺店）,福田区莲花路2073号,400-690-7520/18676377558,https://p0.meituan.net/440.0/deal/cd4809e8b19794612f2fd1726a275130261281.jpg
丽石鲜花（布尾村店）,福田区布尾村103-4,400-690-7520/18676377558,https://p0.meituan.net/440.0/deal/cd4809e8b19794612f2fd1726a275130261281.jpg
檀薇初品鲜花（金色家园店）,福田区莲花路万科金色家园二期底商G06号铺  距景田站约147米,0755-36518383/13686441206,https://p0.meituan.net/440.0/deal/59a5e9303de772d0a1953144b46b2abd113901.jpg
檀薇初品鲜花（雅枫国际店）,福田区景田东路70号图书馆大厦雅枫国际酒店1楼距（近景田站）,18566771060/13686441206,https://p1.meituan.net/440.0/deal/d227dbafe7ad2891b7ee4852a5ea9b57333684.jpg
兰景丽园鲜花（红荔店）,福田区红荔路鲁班大厦星光广场,400-043-0370,https://p1.meituan.net/440.0/poi/dc22c5b17614c389edcda6afb1794fea83968.jpg
丽石鲜花（丽石鲜花景元店）,福田区景田路68-9附近,400-690-7520,https://p0.meituan.net/440.0/deal/cd4809e8b19794612f2fd1726a275130261281.jpg
鲜花,新洲/石厦,新洲/石厦,
花之恋鲜花（新洲店）,福田区新洲南村71栋102室,15889391076,https://p0.meituan.net/440.0/merchantpic/a6d4bec8f79638c52b4aa0002c48d2741029359.jpg
情语鲜花（新洲店）,福田区新洲三路福昌苑1层,17722682703,https://p1.meituan.net/440.0/dpmerchantalbum/38e85b1cfc6e886aebd0bfe0712eea7d544866.jpg
花梦谷鲜花（石厦店）,福田区石厦北二街76号新岗商城33号,13544131960,https://p0.meituan.net/440.0/merchantpic/27c97e600bad1db0fcc9bd5ea7d6f79e69951.jpg
花点心思花艺（石厦店）,福田区石厦街马成时代广场1006号,0755-88605075,https://p0.meituan.net/440.0/dpmerchantalbum/d6fd493d5371008fc3a3aa753e13d92385331.jpg
花语花意 Flower（石厦店）,福田区新洲路石厦新村11栋,18664746396,https://p1.meituan.net/440.0/dpmerchantalbum/28ac284e83fde2e64ca142eb9ec7a4171626829.png
新原野花艺（石厦店）,福田区石厦北二街89号新港商城1层,13312892487,https://p0.meituan.net/440.0/dpmerchantalbum/35d6eb25e828a720ae1fc9bf950f29b7318433.jpg
恋依美鲜花（福田店）,福田区新洲九街170号,13544162353,https://p0.meituan.net/440.0/dpmerchantalbum/20bd83a56e5dcee1d311cb1be4bec87a59364.jpg
花田熙上鲜花店,福田区马成时代广场后街唐伯虎对面（石厦花园停车场入口处实体店）,13699802815,https://p0.meituan.net/440.0/dpmerchantalbum/fb25966ca8c4df127a4482e6d5b3512a222523.jpg
锦祺花芬鲜花（嘉葆店）,福田区新洲一街嘉葆润金座家园B座148号,18566752163,https://p1.meituan.net/440.0/dpmerchantalbum/5c4b09f1b1426fe0a9449bf1f36f35a984415.jpg
檀薇初品鲜花（益田店）,福田区福强路益田村北(中港城旁)距益田站约109米,0755-36518383/13686441206,https://p1.meituan.net/440.0/deal/35eba4aea7fb9c0cb56f626a81d71083358788.jpg
罗曼婚庆礼仪（石花坊鲜花联盟）,福田区保税福强路俊皇名居1楼233室铺,400-690-7520,https://p0.meituan.net/440.0/deal/bbace1b62f8d4d499021aaf6e653e770379868.jpg
兰亭 Flower（石厦店）,福田区石厦北二街89号马成时代广场负一层中庭,13631517883,https://p0.meituan.net/440.0/merchantpic/aba2151fb84798b6c8aacb638d9daad0207847.jpg
贝特猫鲜花（福强路店）,福田区福强路4003号,400-168-1957,https://p1.meituan.net/440.0/dpmerchantalbum/c229b063b88fcb574bdcfb9fd1fde4c3183948.jpg
意合花艺（众孚小学店）,福田区新洲路3099号绿景锦江酒店众孚小学附近,0755-27788366/13622380629,https://p0.meituan.net/440.0/dpdeal/e75494887d21685b2dc938ac80121874101051.jpg
桃夭花艺（沙嘴店）,福田区金地一路18号金海丽名居,400-056-5113,https://p0.meituan.net/440.0/shopmainpic/6a74b6e1a0c5d6fbb6f11f52202b1767326248.jpg
左花830店,福田区石厦北三街2号博伦花园2-1007B#,18680361332,https://p0.meituan.net/440.0/dpdeal/c02bfdbe9807ed4833e2f6b35fbc37ee264787.jpg
兰博旺（福田博伦店）,福田区福民路博伦花园15号,13316976073,https://p0.meituan.net/440.0/deal/adbb4e4e738d492e4677294e57a86937140899.jpg
绿韵花艺鲜花店（新洲店）,福田区新洲村十一街湖北大厦正后面51号,400-870-0900,https://p0.meituan.net/440.0/dpmerchantalbum/96837a09739082b9ba47a08d1432b4f7305016.jpg
澜馨花语（中心村店）,福田区滨河大道新洲中心村6号108室,0755-22900685,https://p0.meituan.net/440.0/deal/802cabb0edf0dca08741aa7c5e09c17e179014.jpg
琪花铺子鲜花（明月店）,福田区益田路明月花园1栋1单元004,13600147515,https://p1.meituan.net/440.0/dpmerchantalbum/c2e1e84b75a6accfe1dc450be5e1422b238639.jpg
亦心花艺（新洲店）,福田区新洲七街103号金福苑1B商铺,400-965-9520,https://p0.meituan.net/440.0/poi/e6fbdba1857c3e74c9d797968ac6f0da79872.jpg
一丹鲜花店,福田区福民路621号,18680361332,https://p1.meituan.net/440.0/deal/97faae088e1135718af43bb84d60e342275170.jpg
花之缘鲜花（石厦店）,福田区石厦西村7栋1号（近市福强路妇幼保健院后门）,13538128437,https://p1.meituan.net/440.0/mogu/919e33a93b8128fd0b0ad620819d9de360639.jpg
大行花开（福田五店）,福田区福民路博伦花园2栋一层（福田区委对面）,400-092-5186/13922861815,https://p1.meituan.net/440.0/deal/663825eaabecc5f4559a48d6d532c627144677.jpg
兰景丽园鲜花,福田区福民路博伦花园,400-043-0370,https://p1.meituan.net/440.0/poi/dc22c5b17614c389edcda6afb1794fea83968.jpg
澜馨花语（石厦店）,福田区石厦东村308号101铺,0755-22900687,https://p1.meituan.net/440.0/deal/2510d2e9af41d841107ad0c8c835394077414.jpg
花町花艺店,福田区新洲一街96号,15989538274,https://p1.meituan.net/440.0/deal/016df0d5ed65a46cfe2a74f7fe06f13a234612.jpg
澜馨花语（益田店）,福田区益田路1001号（中港城旁）,0755-22900690,https://p1.meituan.net/440.0/deal/fdf966d4f15f2179cac05be9e4d0a5de138585.jpg
丽石鲜花（石厦店）,福田区石厦东村310-2,400-690-7520,https://p0.meituan.net/440.0/deal/cd4809e8b19794612f2fd1726a275130261281.jpg
贝特猫鲜花店（博伦花园店）,福田区福民路博伦花园,400-168-1957,https://p0.meituan.net/440.0/poi/240cfa19938188abeb21512c1f04dafc28672.jpg
澜馨花语（蜜园店）,福田区新洲三街蜜园116号商铺,0755-22900679,https://p1.meituan.net/440.0/deal/32b64f47c0f5d2bc7c6e0fab3f18d6b8318996.jpg
澜馨花语（沙尾店）,福田区沙尾西村255栋2号铺,0755-22900684,https://p0.meituan.net/440.0/deal/0535bbba74b2c142718ccd3bbae098fe212216.jpg
丽石鲜花（益田店）,福田区益田村108栋1楼连廊（近福强路）,400-690-7520,https://p0.meituan.net/440.0/deal/cd4809e8b19794612f2fd1726a275130261281.jpg
丽石鲜花（沙嘴店）,福田区沙嘴一坊87-3号,400-690-7520,https://p0.meituan.net/440.0/deal/cd4809e8b19794612f2fd1726a275130261281.jpg
鲜花,竹子林,竹子林,
柒月花艺,福田区香蜜湖街道竹园小区6栋405,15814665845,https://p1.meituan.net/440.0/dpmerchantalbum/d30ef776b2ea92fdeb71135c24502af3129383.jpg
花晗flower（福田店）,福田区竹子林七路8号,18823862732,https://p0.meituan.net/440.0/dpmerchantalbum/49a17ad010814497dfbb22a7af1df6a2201881.jpg
七彩鲜花店（福田店）,福田区香林路28号东海花园二期16栋1楼,13662645626,https://p1.meituan.net/440.0/merchantpic/898266b20fbf0c175a12beb87234319396452.jpg
花点心思花艺（车公庙店）,福田区深南中路8005号人才园内,0755-88605075,https://p0.meituan.net/440.0/dpmerchantalbum/d6fd493d5371008fc3a3aa753e13d92385331.jpg
檀薇初品鲜花（丰盛店）,福田区深南大道南侧丰盛町地下阳光街第B区C2-067（近车公庙站）,18566771060/13686441206,https://p1.meituan.net/440.0/deal/d227dbafe7ad2891b7ee4852a5ea9b57333684.jpg
玫瑰花匠（侨香四道店）,福田区侨香四道,18819429698,https://p0.meituan.net/440.0/dpmerchantalbum/410e3638bd537e30d1c9734a7add01dc748833.jpg
大行花开（车公庙店）,福田区车公庙农科花卉中心,400-092-5186/13922861815,https://p0.meituan.net/440.0/deal/722b4dd371e0360e72e10fe93288c6d174749.jpg
深圳网络花店（深国投广场店）,福田区农林路69号（山姆会员店）,18038007772,https://p1.meituan.net/440.0/dpmerchantalbum/372c027f0e5786fb1e510652a07283cb231768.jpg
指尖花开鲜花连锁（芳缘花艺）,福田区农科花卉中心鲜花批发市场16号,13530190781,https://p0.meituan.net/440.0/deal/2c019ec4fb2d708ce17edb809d6739dd98218.jpg
思丽卡花艺（竹子林店）,福田区福田农科中心鲜花批发市场13号,0755-25326149/13632794653,https://p1.meituan.net/440.0/deal/07729cb727c5c1db009cbf93f5d7d45c325187.jpg
意合花艺（竹子林店）,福田区竹子林五路竹林花园7号楼23-1铺,18925226858,https://p1.meituan.net/440.0/dpdeal/d2bc7390b76eda8e06688902744881a931023.jpg
花之爱鲜花,福田区红荔路8959号东海城市广场F1层,null,https://p0.meituan.net/440.0/dpdeal/1cd21b506e359441c82a9223f619a77e226145.jpg
贝特猫鲜花店（农林路店）,福田区农林路61号（竹园小区12栋）,400-168-1957,https://p1.meituan.net/440.0/dpdeal/335425c9826a1e12b3a3cccc2c5d8a74216345.jpg
兰景丽园鲜花（竹子林店）,福田区竹子林七路光大银行大厦,400-043-0370,https://p1.meituan.net/440.0/poi/dc22c5b17614c389edcda6afb1794fea83968.jpg
檀薇初品鲜花（竹子林店）,福田区竹子林六路越众小区2栋1楼 距竹子林站约385米,0755-36518383,https://p1.meituan.net/440.0/deal/d227dbafe7ad2891b7ee4852a5ea9b57333684.jpg
檀薇初品鲜花（东海店）,福田区农林路与侨香路交汇处嘉信茂购物中心1楼距侨香站约606米,0755-36518383/13686441206,https://p0.meituan.net/440.0/deal/59a5e9303de772d0a1953144b46b2abd113901.jpg
小时光鲜花连锁（芳缘花艺）,福田区农科花卉中心鲜花批发市场16号,13530190781,https://p1.meituan.net/440.0/deal/3e95b2f5cc6f60f21109a88ea385fca8151088.jpg
花之爱鲜花,福田区深南大道竹子林东方银座酒店1F,null,https://p0.meituan.net/440.0/dpdeal/ce908817f47d3604f1094321cea4f5e6218417.jpg
檀薇初品鲜花（博园店）,福田区竹子林紫竹七道与竹子林三路交界处博园酒店1楼距竹子林站约812米（博园酒店附近）,0755-36518383/13686441206,https://p0.meituan.net/440.0/deal/3919de7a38137822402f5f2ddfa8fbf3337661.jpg
鲜花,市民中心,市民中心,
澜馨花语（莲花村店）,福田区红荔路与彩田路交叉路口,18926541142,https://p0.meituan.net/440.0/deal/09740208788700b796526e4306de7f93478542.jpg
檀薇初品鲜花（莲花北店）,福田区花北村55栋首层1号铺距莲花北站约832米,0755-36518383/13686441206,https://p1.meituan.net/440.0/deal/66ec70da81ca1097ab4db24b4eaf978d372758.jpg
倾心FLORA（莲花北店）,福田区皇岗路5001号深业上城底商,18565722028,https://p1.meituan.net/440.0/dpmerchantalbum/b4a2c000343dfede48d4b715fac55567256746.jpg
简爱花语（莲花店）,福田区红荔路莲花二村42栋一楼,18098961230,https://p1.meituan.net/440.0/deal/__49532727__7697721.jpg
千姿花店（浪漫鲜花）,福田区莲心路莲花二村24栋108档,400-088-8775,https://p1.meituan.net/440.0/deal/ea258ed6d43b6f0b6923f2a52972aa9f436536.jpg
花町花艺店,福田区雨田路莲丰花园A栋,15989538274/15815572897,https://p0.meituan.net/440.0/deal/e59ea7d5a6219aacdd6325a487f52b2f710432.jpg
花言巧语,福田区彩田路彩田村5栋,15989538274/15815572897,https://p0.meituan.net/440.0/deal/d3eabeab69a7e03bb259298f1b696501447710.jpg
鲜花,会展中心,会展中心,
花点时间花艺（会展中心第二分店）,福田区福华路大中华国际交易广场内,0755-83210365,https://p0.meituan.net/440.0/dpmerchantalbum/b5e36ac575e0507f66385e04c2e9f2b31936720.jpg
鲜花高端工作室（福田2店）,福田区益田路深圳国际商会中心1802室,13620920456,https://p1.meituan.net/440.0/dpmerchantalbum/8f9cc4c78e959a8b82f8c4faf71363a64048947.jpg
玫瑰花匠（卓越世纪中心店）,福田区福华三路15号,18819429698,https://p0.meituan.net/440.0/dpmerchantalbum/410e3638bd537e30d1c9734a7add01dc748833.jpg
爱尚礼鲜花（会展中心店）,福田区福华三路鼎和大厦3楼,0755-82918100,https://p0.meituan.net/440.0/dpmerchantalbum/8507e775399efd44afbb8b28ecb0e6485004728.jpg
爱在花里花店,福田区福中路振业花园10-1号爱在花里花店（国际人才大厦斜对面）,18823335826,https://p0.meituan.net/440.0/dpmerchantalbum/24e4f9d230a9869bfd0331e85d9e047f715757.jpg
遇见花店（民田路店）,福田区民田路与福华路交汇处13号,0755-23894129/13798513841,https://p0.meituan.net/440.0/dpmerchantalbum/ec9e2c023bf2cb4a4bafefe39dd63e00124240.jpg
百花苑鲜花店（福田店）,福田区海田路1008号雅颂居5栋一层,13926509233,https://p1.meituan.net/440.0/dpdeal/73313f6679e574a0b8fbba3c648037c1279299.jpg
我的后花园（福田2店）,福田区星河cocopark福华三路262号,15875500103,https://p1.meituan.net/440.0/deal/__49532727__7697721.jpg
时光花艺（华融店）,福田区民田路178号,14715874358,https://p0.meituan.net/440.0/dpmerchantalbum/3155d60bc9d64fd43b9f1098ea0c544e67259.jpg
花之恋鲜花（购物公园店）,福田区民田路购物公园北区,15889391076,https://p0.meituan.net/440.0/merchantpic/a6d4bec8f79638c52b4aa0002c48d2741029359.jpg
大自然花店（莲塘店）,福田区莲塘路139号（莲塘店）,18995959872,https://p1.meituan.net/440.0/dpmerchantalbum/59df5cebb515c8d6664fdbf4e520148c351241.jpg
鲜花道花店（福田金田店）,福田区金田路3030号附603号,18123647805/18682172808,https://p1.meituan.net/440.0/dpmerchantalbum/649932a9c3d4be43aa0bc778433d04c761682.jpg
爱尚礼鲜花（市民中心店）,福田区福彩街29号福景大厦6楼,0755-82918100,https://p1.meituan.net/440.0/dpmerchantalbum/ccc83f2ad2e04e75bb2e7210c057984c2430807.jpg
花非花,福田区中心四路卓越时代广场二期四季酒店群楼一楼L130-133号,13823755871,https://p1.meituan.net/440.0/dpmerchantalbum/c182542a81f26d29e976a9903065bb492284831.jpg
幽香阁花艺（福田店）,福田区福田街道福华路399号中海大厦底商c区,17603059047,https://p0.meituan.net/440.0/dpmerchantalbum/ee9fd3513e98e081064ced2b3f8a1ac658018.jpg
亲亲花艺鲜花（福田店）,福田区民田路购物公园北区负一楼,13244856994,https://p1.meituan.net/440.0/dpmerchantalbum/13a468e09ec793516d8827fc5ce8a30e266786.jpg
新原野花艺（福田店）,福田区益田路4068号卓越时代广场3楼315,13312892487,https://p0.meituan.net/440.0/dpmerchantalbum/35d6eb25e828a720ae1fc9bf950f29b7318433.jpg
开业花篮鲜花店（福田店）,福田区红荔路莲花三村228号,13510627800,https://p1.meituan.net/440.0/dpmerchantalbum/452581bbae864c3b9cb59f49facb6b89128221.jpg
mrsflower花夫人鲜花店花艺馆（福田店）,福田区福田CBD福华三路,13640932193,https://p0.meituan.net/440.0/dpmerchantalbum/1da39c1aab6db6c36d689e2f59ac2447258105.jpg
澜馨花语（音乐厅店）,福田区福中一路深圳音乐厅一楼,18926541142,https://p1.meituan.net/440.0/deal/32b64f47c0f5d2bc7c6e0fab3f18d6b8318996.jpg
花语花意 Flower（会展中心店）,福田区福华三路75号,18664746396,https://p1.meituan.net/440.0/dpmerchantalbum/28ac284e83fde2e64ca142eb9ec7a4171626829.png
花点心思花艺（购物公园店）,福田区福华三路购物公园星河国际A栋1108室,0755-88605075,https://p0.meituan.net/440.0/dpmerchantalbum/d6fd493d5371008fc3a3aa753e13d92385331.jpg
桃夭花艺（岗厦店）,福田区彩田路3030号彩德城,400-056-5113,https://p1.meituan.net/440.0/dpmerchantalbum/369e18c348f1c8cb1591cf1589805e0e602461.jpg
Journal Flower（国银金融大厦店）,福田区鹏程五路国银金融中心大厦,13828770887/13510698964,https://p1.meituan.net/440.0/dpmerchantalbum/01cbe5476402ea9cf40411d7d8bc43d7165462.jpg
花点心思花艺（皇岗店）,福田区金田路2028号,0755-88605075,https://p0.meituan.net/440.0/dpmerchantalbum/d6fd493d5371008fc3a3aa753e13d92385331.jpg
甜蜜花坊（福田店）,福田区福中一路1006号中银花园,18529076232,https://p1.meituan.net/440.0/dpmerchantalbum/0e8cdb3e4d0377d447b9d41eb0bae10f412194.jpg
今喜花屿（中心城店）,福田区怡景中心城L层南大门（会展中心地铁站B出口）,13164768943/18689491154,https://p1.meituan.net/440.0/deal/866d848e070dfe57d7071780d2249a1f83271.jpg
倾心FLORA（福田总店）,福田区福华三路福田皇庭广场,18565722028,https://p1.meituan.net/440.0/dpmerchantalbum/b4a2c000343dfede48d4b715fac55567256746.jpg
花悦flower（福田店）,福田区益田路4068号卓越时代广场,15818669479,https://p0.meituan.net/440.0/merchantpic/e730326d41887cad6894f1a39c98f62c938564.jpg
I Do花艺（时代广场店）,福田区福华路卓越时代广场底层311,15521504441,https://p0.meituan.net/440.0/dpmerchantalbum/2b508a5070c8cb71eabed5647b4668b7127558.jpg
情语鲜花（福田店）,福田区福中三路1006号诺德中心一层,17722682703,https://p1.meituan.net/440.0/deal/__49532727__7697721.jpg
一米阳光鲜花店（石花坊鲜花联盟）,福田区笋岗西路华富北区48栋,4006907520,https://p1.meituan.net/440.0/deal/5fcecec8b0f36a66c3b35e4b2b597300324093.jpg
兰景丽园鲜花（市民中心店）,福田区莲花街道益田路6003号,400-043-0370,https://p1.meituan.net/440.0/poi/dc22c5b17614c389edcda6afb1794fea83968.jpg
花梦谷鲜花（皇庭广场店）,福田区益田路4055号（卓越时代广场3号）,13650907440,https://p0.meituan.net/440.0/merchantpic/27c97e600bad1db0fcc9bd5ea7d6f79e69951.jpg
OneCharm绽一花店,福田区福中三路市民中心安联大厦一楼（招商银行旁）,18018712892,https://p1.meituan.net/440.0/dpmerchantalbum/bc71fbab3a35e5ead9430963a9bd9d8b4116752.jpg
花晗flower（福田中心店）,福田区福华三路君尚百货中心店,18823862732,https://p0.meituan.net/440.0/dpmerchantalbum/49a17ad010814497dfbb22a7af1df6a2201881.jpg
花世家（购物公园店）,福田区福华一路购物公园内,18826541011,https://p1.meituan.net/440.0/dpmerchantalbum/47694f2f1536534d58654729dd7f6f72357052.jpg
锦祺花芬鲜花（皇庭店）,福田区福华三路皇庭广场G层20A号商铺,18566752163,https://p1.meituan.net/440.0/dpmerchantalbum/5c4b09f1b1426fe0a9449bf1f36f35a984415.jpg
花之爱鲜花,福田区福华一路88号（近中心商务大厦）,null,https://p1.meituan.net/440.0/dpdeal/9401d670bfa357956cf27685d379a5e1175503.jpg
兰亭 Flower（中心书城店）,福田区福中三路深圳中心223档,13631517883,https://p0.meituan.net/440.0/merchantpic/aba2151fb84798b6c8aacb638d9daad0207847.jpg
亦心花艺（会展中心店）,福田区福华一路怡景中心城G楼（地铁会展中心站B出口）,400-965-9520,https://p0.meituan.net/440.0/mogu/ba681d432002b0be6bd344550ea59b1e165710.jpg
花西拾鲜花（欣悦鲜花）,福田区福田CBD福中三路横街37号,15697586981,https://p1.meituan.net/440.0/dpdeal/58f0cb9ac190c2e5f3de72ac38ffdc6b293151.jpg
大自然花店（华侨城店）,福田区香山西街5号,18995959872,https://p0.meituan.net/440.0/dpmerchantalbum/284d8a17e93d66cbf7fce71b192ca11d329125.jpg
檀薇初品鲜花（福华三路店）,福田区福华三路269号星河COCOAPark商场1楼 距购物公园站约109米,0755-36518383/13686441206,https://p1.meituan.net/440.0/dpdeal/d1250fbb5e8d78365e9fb9e3c5967eba100726.jpg
Rose花语鲜花（福田旗舰店）,福田区益田路4068号卓越时代广场底商,13527756554,https://p1.meituan.net/440.0/deal/__49532727__7697721.jpg
大自然花店（蛇口店）,福田区蛇口太子路33号振兴大厦1楼,18995959872,https://p0.meituan.net/440.0/dpmerchantalbum/a480bbe986b9910bbfd34bdaf1fe5c1e88798.jpg
阿拉蕾花坊（卓越世纪中心店）,福田区福华三路卓越世纪中心,15218702683/18102628103,https://p1.meituan.net/440.0/merchantpic/19b9fc4f89791d9391a55692152c3784370904.jpg
花冶森林（中心城店）,福田区福华一路3号怡景中心城RLB05号铺（近东大门和东南门，在李宁和斯凯奇中间）,18576612889,https://p0.meituan.net/440.0/dpmerchantalbum/31a06123290444c40c13da8a5724fc3c454448.jpg
Huahua100鲜花店（卓越店）,福田区卓越intownB1楼(大家乐餐厅旁),4007285952,https://p1.meituan.net/440.0/poi/f4c7a103b40aff38e09a4b4fba13b2ed151888.jpg
意合花艺（中心商务大厦店）,福田区福华一路88号中心商务大厦一楼,0755-27788366/13622380629,https://p1.meituan.net/440.0/dpdeal/5bb2b37e923cabaeb979128f58c5282789221.jpg
小蓝帽花艺（益田路店）,福田区益田路丰立大厦B1-3号（香格里拉大酒店，信息枢纽大厦，免税商务大厦）,13059304649/13059304648,https://p1.meituan.net/440.0/dpmerchantalbum/cab4d9c7fcadff3fae853bd500e518ef81249.jpg
网络花店（市民中心店）,福田区益田路卓越时代广场南广场112号铺（香格里拉酒店对面）,18823379128,https://p1.meituan.net/440.0/dpmerchantalbum/372c027f0e5786fb1e510652a07283cb231768.jpg
田园花语（福华店）,福田区福华一路88号中心商务大厦,0755-82774400/18098980567,https://p0.meituan.net/440.0/deal/62b64268d38c75676379e3e8effda1a8122079.jpg
夏木森秋创意生活花艺馆（购物公园店）,福田区民田路购物公园2楼,13138172117/13642718450,https://p1.meituan.net/440.0/dpmerchantalbum/2835c61a19fee4eca3055c39a72017c7133622.jpg
美琪鲜花（福田店）,福田区福中路106号深业花园A3栋,18038022916,https://p0.meituan.net/440.0/dpmerchantalbum/ac13bd387f9ca9b135e38ab36d96be9e233919.jpg
指尖花开鲜花连锁（天使花坊中心城店）,福田区会展中心地铁站B出口(连城新天地四号铺),13164768943,https://p0.meituan.net/440.0/deal/2c019ec4fb2d708ce17edb809d6739dd98218.jpg
温心花坊（情深花店）,"福田区横岗坎北路,中心城154号",400-035-5597,https://p1.meituan.net/440.0/deal/5bf4e976f026b6907c2e2eb90fff99a6140371.jpg
水晶之恋鲜花店（购物公园店）,福田区福华一路6号免税商务大厦,18565716960/13332945516,https://p1.meituan.net/440.0/merchantpic/1cd969cf6d605f86307137875f1b44ec77257.jpg
两生花花坊（情深花店）,福田区横岗坎北路中心城,400-827-7726,https://p1.meituan.net/440.0/deal/0920241b8ebbc612171c9d719a581d5c83027.jpg
天马座花艺（卓越时代广场店）,福田区益田路4068号,4008658182,https://p1.meituan.net/440.0/deal/9114c404cece9f705327f58c810a3cf197261.jpg
情满轩花坊（会展中心花店）,福田区会展中心地铁B出口旁连城新天地C中15,18665876202,https://p1.meituan.net/440.0/apiback/968dec743f98fd2a232d3c6376571946237339.jpg
不二花艺工作室（福田店）,福田区福华三路118号会展中心正门对面,18566237925,https://p0.meituan.net/440.0/dpmerchantalbum/01f786f9257e8db0c3f34bc4f50fa19e87200.jpg
澜馨花语（新天地店）,福田区连城新天地B1楼C-22号(地铁会展中心B出口),0755-22900664,https://p0.meituan.net/440.0/deal/6985d090422daf719726ec2ea6ca14db195616.jpg
澜馨花语（中心书城店）,福田区中心书城首层北区1号门（地铁少年宫站E出口）,15712005221,https://p0.meituan.net/440.0/deal/6985d090422daf719726ec2ea6ca14db195616.jpg
花语花意 Flower（皇庭广场店）,福田区福华三路168号,18664746396,https://p1.meituan.net/440.0/dpmerchantalbum/28ac284e83fde2e64ca142eb9ec7a4171626829.png
丽石鲜花（金田路店）,福田区金田路3037号,400-690-7520,https://p0.meituan.net/440.0/deal/cd4809e8b19794612f2fd1726a275130261281.jpg
芙蓉花卉（石花坊鲜花联盟）,福田区卓越广场4号楼3楼,400-690-7520,https://p1.meituan.net/440.0/deal/5fcecec8b0f36a66c3b35e4b2b597300324093.jpg
兰景丽园鲜花（音乐厅店）,福田区市民中心音乐厅内,400-043-0370,https://p1.meituan.net/440.0/poi/dc22c5b17614c389edcda6afb1794fea83968.jpg
兰景丽园鲜花（福中店）,福田区福中路72号福莲花园,400-043-0370,https://p1.meituan.net/440.0/poi/dc22c5b17614c389edcda6afb1794fea83968.jpg
Journal Flower（福田店）,福田区福华路连城新天地一期A区A中08谭木匠对面（小蹄大作隔壁）,13828770887/13510698964,https://p1.meituan.net/440.0/dpmerchantalbum/01cbe5476402ea9cf40411d7d8bc43d7165462.jpg
澜馨花语（福民店）,福田区民田路106号商铺,0755-22900706,https://p0.meituan.net/440.0/deal/0535bbba74b2c142718ccd3bbae098fe212216.jpg
rose・花语鲜花（福田店）,福田区中心三路嘉里建设广场三座1楼（汇丰银行东20米）,13527756554/18802086541,https://p0.meituan.net/440.0/merchantpic/c4dd85bdfede3a852bd09d83d2c14009118777.jpg
今喜花屿（大中华店）,福田区福华路北大中华国际交易广场1楼保利影城对面距会展中心站约191米,13164768943,https://p1.meituan.net/440.0/deal/671c6206eb5efb18ba6b1e711e4378b179254.jpg
花之爱鲜花,福田区福中三路市民中心东侧,null,https://p0.meituan.net/440.0/dpdeal/da6b1481ea6f811e5c1ae77e8d323426144626.jpg
兰亭 flower（皇庭购物店）,福田区福华三路118号皇庭购物广场L1,13631517883,https://p0.meituan.net/440.0/merchantpic/aba2151fb84798b6c8aacb638d9daad0207847.jpg
檀薇初品鲜花（购物公园店）,福田区民田路购物公园北园地下室B06-08号商铺距购物公园站约121米,0755-36518383/13686441206,https://p0.meituan.net/440.0/deal/cd2b04f9f7bfa06bae8374c3e4ce9a6e100662.jpg
丽石鲜花（购物公园店）,福田区中心二路159购物公园北园A区119(A)号,400-690-7520/18676377558,https://p0.meituan.net/440.0/deal/cd4809e8b19794612f2fd1726a275130261281.jpg
澜馨花语（市民中心店）,福田区黄埔雅苑乐悠园1栋1楼,0755-22900677,https://p0.meituan.net/440.0/deal/23fbd62cdcc265babb69f98d9fe85ce596475.jpg
田园花语（会展中心店）,福田区中心四路怡景中心城旁（会展中心）,0755-82774400/18098980567,https://p1.meituan.net/440.0/deal/011b815a498173cfbbbce395ed9afbbc351602.jpg
网络花店（购物公园店）,福田区福华三路星河国际天虹购物广场F1层（欣业大厦）,13823690286,https://p1.meituan.net/440.0/dpmerchantalbum/372c027f0e5786fb1e510652a07283cb231768.jpg
桃夭花艺（市中心店）,福田区福华路399号中海华庭,400-056-5113/13560762178,https://p0.meituan.net/440.0/dpdeal/9101a41b444b7cbf30a1fe9baec6427f535181.jpg
檀薇初品鲜花（音乐厅店）,福田区福中一路深圳音乐厅一楼距少年宫站约358米（音乐厅旁边）,0755-36518383/13686441206,https://p1.meituan.net/440.0/deal/66ec70da81ca1097ab4db24b4eaf978d372758.jpg
檀薇初品鲜花（皇庭店）,福田区皇庭广场L1层23及G层20A号商铺（会展中心C出口20米）距会展中心站约254米（大中华附近）,0755-36518383/13686441206,https://p0.meituan.net/440.0/deal/fe51f05546158480a8d5e93d8b8437c492670.jpg
香浓花情（花姑子店）,福田区横岗坎北路中心花园内,400-897-8769/18770396256,https://p0.meituan.net/440.0/deal/93a4ee3a770448ccdec5c9ffdf7a406a231332.jpg
小蓝帽花艺（黄埔雅苑店）,福田区福中三路黄埔雅苑3期1栋A1-7号（荣超中心，新世界中心）,13059304648/13059304649,https://p0.meituan.net/440.0/dpmerchantalbum/d6054542ee353a9adfd1acc5aebada4d207723.jpg
兰景丽园鲜花（新中心区店）,福田区福华一路国际商会大厦A座,4000430370,https://p1.meituan.net/440.0/poi/dc22c5b17614c389edcda6afb1794fea83968.jpg
近藤花艺（似锦花坊）,福田区华强北红荔村西路106号,400-857-7720,https://p0.meituan.net/440.0/deal/0cfeebc1329866e688042f5f2772d37725237.jpg
花草堂,福田区横岗坎北路中心城,null,https://p0.meituan.net/440.0/deal/cb9b8a59a93e1a376ced2d962b12d1fa144128.jpg
花千束品牌鲜花馆,福田区会展中心地铁站B出口,400-666-7078,https://p0.meituan.net/440.0/deal/d3c679214d3b6d3912c65e0cdd1a45f296986.jpg
檀薇初品鲜花（市民中心店）,福田区黄埔雅苑乐悠园1栋首层距福田站约465米,0755-36518383/13686441206,https://p0.meituan.net/440.0/deal/59a5e9303de772d0a1953144b46b2abd113901.jpg
檀薇初品鲜花（大中华店）,福田区福华路北大中华国际交易广场1楼保利影城对面（近距会展中心站，大中华）,18566771060/13686441206,https://p0.meituan.net/440.0/deal/da22425be552721536be896ce24b77ec374012.jpg
夏木森秋创意生活花艺馆（皇庭广场店）,福田区福华三路118号皇庭广场一楼,13138172117/13724840978,https://p1.meituan.net/440.0/dpmerchantalbum/2835c61a19fee4eca3055c39a72017c7133622.jpg
檀薇初品鲜花（福华店）,福田区福华一路28号马哥孛罗好日子酒店1楼（距福田站约304米）,18566771060/13686441206,https://p1.meituan.net/440.0/deal/bfd70eef8c660eecae0d8da309f0921b101974.jpg
锦祺花芬鲜花（中心书城店）,福田区红荔路中心书城首层北区2号门,18566752163,https://p1.meituan.net/440.0/dpmerchantalbum/5c4b09f1b1426fe0a9449bf1f36f35a984415.jpg
檀薇初品鲜花（中心书城店）,福田区中心书城首层北区1号门(地铁少年宫站E出口距少年宫站约146米),36518383/13686441206,https://p1.meituan.net/440.0/deal/d227dbafe7ad2891b7ee4852a5ea9b57333684.jpg
鲜花,岗厦,岗厦,
花之恩鲜花店（福田店）,福田区福华路岗厦地铁站A口,13632880897/18598260036,https://p1.meituan.net/440.0/dpmerchantalbum/e2a4a06b58e8918af3618738611ba711189346.jpg
朵恋鲜花（福田店）,福田区滨河大道5004-10号皇洲花园8号楼103铺,15323825050,https://p0.meituan.net/440.0/dpmerchantalbum/b6a6c07f9e15300b942e25cfefc51b46207748.jpg
温馨花艺鲜花店（福田店）,福田区岗厦村东一坊71-2号（岗厦小学）,13530386099,https://p1.meituan.net/440.0/merchantpic/24375a5d82f41e6502e0f686b6015c37215419.jpg
花有缘鲜花（福田店）,福田区皇洲花园8栋101室（联合广场）,18475633365,https://p1.meituan.net/440.0/dpmerchantalbum/f9991cd67b5bb3fff960064887edfbd7346556.jpg
花千金鲜花（福田店）,福田区彩田路2010号中深花园大厦1楼,15810836627,https://p1.meituan.net/440.0/dpmerchantalbum/97044b401d0194ebf97ef2755a0a4e33230694.jpg
万美苑鲜花（福田店）,福田区福华3路3号,null,https://p1.meituan.net/440.0/dpmerchantalbum/de6c17d1a7efd7d962d32a973573c5ba1616644.png
益辉鲜花坊（福田店）,福田区彩田路3001号（彩福大厦2楼）,19807554871,https://p0.meituan.net/440.0/dpmerchantalbum/2e945a307d45c56e24ec4a95129ee1be4734337.jpg
花之爱鲜花,福田区彩田路岗厦地铁站A口旁,null,https://p1.meituan.net/440.0/dpdeal/12dc724d308aca77b663719868cbc914172382.jpg
缘艺鲜花（福田店）,福田区福华三路4-6号（岗厦地铁站）,13926589932,https://p0.meituan.net/440.0/dpmerchantalbum/27e538fa72c36c30c9714ffe540305d1314825.jpg
爱朵朵鲜花（福田店）,福田区彩田路3036号彩天名苑首层1008铺,15817317051,https://p1.meituan.net/440.0/merchantpic/9e43b6f44c61bcde6a68585b714bd5f775080.jpg
澜馨花语（福源店）,福田区彩田路福源大厦1楼,0755-22900674,https://p0.meituan.net/440.0/deal/0535bbba74b2c142718ccd3bbae098fe212216.jpg
花倾城鲜花（岗厦店）,福田区深南大道与彩田路交口南行150米星河世纪大厦B栋,17755026641,https://p0.meituan.net/440.0/dpdeal/11e1374d1ff337cbceff68f9b0777bf3143771.jpg
小清新花艺（岗厦店）,福田区横岗街道新光老村46号101（东海佳超市旁）,15002080165,https://p0.meituan.net/440.0/poi/aa3a70f26b4fbc254affd8cb16aa31a5102400.jpg
丽石鲜花（福华店）,,null,null
香浓花语鲜花店（福田店）,福田区岗厦村东三坊31号楼102号,0755-21018396/13715117035,https://p0.meituan.net/440.0/mogu/2f0c5fbaa8f40924d6d1bedeb3f6c58c133088.jpg
锦祺花芬鲜花（福源店）,福田区岗厦彩田路福源大厦1楼,18566752163,https://p1.meituan.net/440.0/dpmerchantalbum/1aed6136cd32d405492580fa3a872d2a295152.jpg
兰景丽园鲜花（会展中心店）,福田区彩田路彩福大厦2楼,400-043-0370,https://p1.meituan.net/440.0/poi/dc22c5b17614c389edcda6afb1794fea83968.jpg
檀薇初品鲜花（福源店）,福田区彩田路福源大厦1楼（近岗厦站）,18566771060/13670081187,https://p1.meituan.net/440.0/deal/d227dbafe7ad2891b7ee4852a5ea9b57333684.jpg
天马座花艺（岗夏店）,福田区彩田南路3002号,400-865-8182,https://p1.meituan.net/440.0/deal/9114c404cece9f705327f58c810a3cf197261.jpg
亦心花艺（购物公园店）,福田区滨河路万景花园A号商铺,400-965-9520,https://p0.meituan.net/440.0/poi/e6fbdba1857c3e74c9d797968ac6f0da79872.jpg
澜馨花语（星河店）,福田区彩田路3069号星河世纪第三空间4001号（近COCO购物公园）,18926541142,https://p0.meituan.net/440.0/deal/6985d090422daf719726ec2ea6ca14db195616.jpg
花记HUAJI鲜花店私人订制（福田店）,福田区彩田路星河第三空间C1座3层（近会展中心）,15817315499/13824399947,https://p1.meituan.net/440.0/dpmerchantalbum/e4a155f49136249bc284786d96747aa2153859.jpg
花之爱鲜花,福田区岗厦东33号1楼,null,https://p1.meituan.net/440.0/dpdeal/12d1f7a6f78c0f5b5c3b472ff9a6ee0b77007.jpg
丽石鲜花（岗厦店）,福田区岗厦村东二坊5号（路发超市隔壁）,400-690-7520,https://p0.meituan.net/440.0/deal/cd4809e8b19794612f2fd1726a275130261281.jpg
鲜花,福田保税区,福田保税区,
澜馨花语（天健店）,福田区桂花路天健时尚名苑第二栋1楼011号商铺,18926541142,https://p0.meituan.net/440.0/deal/09740208788700b796526e4306de7f93478542.jpg
锦祺花芬鲜花（天健店）,福田区天健时尚名苑第二栋1楼001号商铺,18566752163,https://p1.meituan.net/440.0/dpmerchantalbum/1aed6136cd32d405492580fa3a872d2a295152.jpg
檀薇初品鲜花（天健店）,福田区天健时尚名苑第二栋1楼011号商铺距景田站约306米,13686441206,https://p0.meituan.net/440.0/deal/59a5e9303de772d0a1953144b46b2abd113901.jpg
贝特猫鲜花店（桂花路店）,福田区桂花路8号,400-168-1957,https://p0.meituan.net/440.0/dpdeal/55f47bfd40e5f42c84c83178ac04d86976823.jpg
情满轩花坊（保税区桂花店）,福田区桂花苑3栋D座,18665876202,https://p1.meituan.net/440.0/merchantpic/f41661abf22cd54f12b300766f53e4501015678.jpg
天马座花艺（保税区店）,福田区绒花路8号,400-865-8182,https://p1.meituan.net/440.0/deal/9114c404cece9f705327f58c810a3cf197261.jpg
